"name","bin","max","min","mid","hemisphere","mean_richness","CI.Lower","CI.Upper","prop_richness","max_age","mid_age","min_age","duration","abbr","color"
"aalenian",1,90,75,82.5,"N",NA,NA,NA,NA,174.1,172.2,170.3,3.8,"Aln","#9AD9DD"
"aalenian",2,75,60,67.5,"N",0.57,0,2,0.0182322228630156,174.1,172.2,170.3,3.8,"Aln","#9AD9DD"
"aalenian",3,60,45,52.5,"N",1.84,0,4.52499999999999,0.0588548948560502,174.1,172.2,170.3,3.8,"Aln","#9AD9DD"
"aalenian",4,45,30,37.5,"N",15.06442,9.933625,20.236725,0.481855899547489,174.1,172.2,170.3,3.8,"Aln","#9AD9DD"
"aalenian",5,30,15,22.5,"N",9.77908,5,14.28165,0.312797133254839,174.1,172.2,170.3,3.8,"Aln","#9AD9DD"
"aalenian",6,15,0,7.5,"N",NA,NA,NA,NA,174.1,172.2,170.3,3.8,"Aln","#9AD9DD"
"aalenian",7,0,-15,-7.5,"S",NA,NA,NA,NA,174.1,172.2,170.3,3.8,"Aln","#9AD9DD"
"aalenian",8,-15,-30,-22.5,"S",1.08,0,3.52499999999999,0.0345452643720295,174.1,172.2,170.3,3.8,"Aln","#9AD9DD"
"aalenian",9,-30,-45,-37.5,"S",1.09,0,4,0.0348651279310297,174.1,172.2,170.3,3.8,"Aln","#9AD9DD"
"aalenian",10,-45,-60,-52.5,"S",NA,NA,NA,NA,174.1,172.2,170.3,3.8,"Aln","#9AD9DD"
"aalenian",11,-60,-75,-67.5,"S",NA,NA,NA,NA,174.1,172.2,170.3,3.8,"Aln","#9AD9DD"
"aalenian",12,-75,-90,-82.5,"S",1.83983,0,4,0.0588494571755472,174.1,172.2,170.3,3.8,"Aln","#9AD9DD"
"albian",1,90,75,82.5,"N",9.45948,4,14.101925,0.0878877761916022,113,106.75,100.5,12.5,"Alb","#CCEA97"
"albian",2,75,60,67.5,"N",18.48225,13.1024,23.204375,0.171718091429681,113,106.75,100.5,12.5,"Alb","#CCEA97"
"albian",3,60,45,52.5,"N",19.7561,15.062425,24.171125,0.183553397778621,113,106.75,100.5,12.5,"Alb","#CCEA97"
"albian",4,45,30,37.5,"N",26.85823,23.1195,30.7942,0.249539098041602,113,106.75,100.5,12.5,"Alb","#CCEA97"
"albian",5,30,15,22.5,"N",16.11137,10.7236,21.86405,0.149690308632197,113,106.75,100.5,12.5,"Alb","#CCEA97"
"albian",6,15,0,7.5,"N",8.74763,4,13.6721,0.0812739968419982,113,106.75,100.5,12.5,"Alb","#CCEA97"
"albian",7,0,-15,-7.5,"S",2.65985,0,5,0.0247125953544204,113,106.75,100.5,12.5,"Alb","#CCEA97"
"albian",8,-15,-30,-22.5,"S",NA,NA,NA,NA,113,106.75,100.5,12.5,"Alb","#CCEA97"
"albian",9,-30,-45,-37.5,"S",0.82,0,3,0.00761859811291041,113,106.75,100.5,12.5,"Alb","#CCEA97"
"albian",10,-45,-60,-52.5,"S",0.79,0,3,0.00733986891365759,113,106.75,100.5,12.5,"Alb","#CCEA97"
"albian",11,-60,-75,-67.5,"S",3.94644,1,7.955175,0.03666626870331,113,106.75,100.5,12.5,"Alb","#CCEA97"
"albian",12,-75,-90,-82.5,"S",NA,NA,NA,NA,113,106.75,100.5,12.5,"Alb","#CCEA97"
"anisian",1,90,75,82.5,"N",4.21703,1,8.50269999999999,0.0502023077897428,247.2,244.6,242,5.2,"An","#BC75B7"
"anisian",2,75,60,67.5,"N",NA,NA,NA,NA,247.2,244.6,242,5.2,"An","#BC75B7"
"anisian",3,60,45,52.5,"N",4.80815,1,8.9732,0.0572393903290353,247.2,244.6,242,5.2,"An","#BC75B7"
"anisian",4,45,30,37.5,"N",12.58457,7.348025,18.457125,0.14981502539502,247.2,244.6,242,5.2,"An","#BC75B7"
"anisian",5,30,15,22.5,"N",18.74246,14.225075,23.565575,0.223122611329998,247.2,244.6,242,5.2,"An","#BC75B7"
"anisian",6,15,0,7.5,"N",9.23967,4,15.13375,0.109995128613183,247.2,244.6,242,5.2,"An","#BC75B7"
"anisian",7,0,-15,-7.5,"S",12.67822,7.89955,16.855325,0.150929896791361,247.2,244.6,242,5.2,"An","#BC75B7"
"anisian",8,-15,-30,-22.5,"S",5.2225,1,9.93695,0.0621720861440235,247.2,244.6,242,5.2,"An","#BC75B7"
"anisian",9,-30,-45,-37.5,"S",2.28969,0,5.51712499999999,0.0272579806458802,247.2,244.6,242,5.2,"An","#BC75B7"
"anisian",10,-45,-60,-52.5,"S",NA,NA,NA,NA,247.2,244.6,242,5.2,"An","#BC75B7"
"anisian",11,-60,-75,-67.5,"S",NA,NA,NA,NA,247.2,244.6,242,5.2,"An","#BC75B7"
"anisian",12,-75,-90,-82.5,"S",14.21843,9.8068,19.55565,0.169265572961756,247.2,244.6,242,5.2,"An","#BC75B7"
"aptian",1,90,75,82.5,"N",1.62,0,4.52499999999999,0.0255736913018666,125,119,113,12,"Ap","#BFE48A"
"aptian",2,75,60,67.5,"N",3.05926,0,5.9942,0.0482941795383633,125,119,113,12,"Ap","#BFE48A"
"aptian",3,60,45,52.5,"N",NA,NA,NA,NA,125,119,113,12,"Ap","#BFE48A"
"aptian",4,45,30,37.5,"N",24.07384,20.192275,27.5984,0.380035155932425,125,119,113,12,"Ap","#BFE48A"
"aptian",5,30,15,22.5,"N",14.22517,9.386225,19.2671,0.224561794010231,125,119,113,12,"Ap","#BFE48A"
"aptian",6,15,0,7.5,"N",3.97557,1,8.917075,0.0627592592154086,125,119,113,12,"Ap","#BFE48A"
"aptian",7,0,-15,-7.5,"S",0.81998,0,3,0.0129443922183362,125,119,113,12,"Ap","#BFE48A"
"aptian",8,-15,-30,-22.5,"S",NA,NA,NA,NA,125,119,113,12,"Ap","#BFE48A"
"aptian",9,-30,-45,-37.5,"S",0.2,0,2,0.00315724583973662,125,119,113,12,"Ap","#BFE48A"
"aptian",10,-45,-60,-52.5,"S",1.03,0,3,0.0162598160746436,125,119,113,12,"Ap","#BFE48A"
"aptian",11,-60,-75,-67.5,"S",13.96253,8.931125,19.3302,0.220415698773489,125,119,113,12,"Ap","#BFE48A"
"aptian",12,-75,-90,-82.5,"S",0.38,0,2,0.00599876709549958,125,119,113,12,"Ap","#BFE48A"
"aquitanian",1,90,75,82.5,"N",NA,NA,NA,NA,23.03,21.735,20.44,2.59,"Aq","#FFFF33"
"aquitanian",2,75,60,67.5,"N",NA,NA,NA,NA,23.03,21.735,20.44,2.59,"Aq","#FFFF33"
"aquitanian",3,60,45,52.5,"N",1.51989,0,4,0.0591235620167417,23.03,21.735,20.44,2.59,"Aq","#FFFF33"
"aquitanian",4,45,30,37.5,"N",10.3074,5,15.901175,0.400956781827214,23.03,21.735,20.44,2.59,"Aq","#FFFF33"
"aquitanian",5,30,15,22.5,"N",2.73983,0,6,0.106579100408799,23.03,21.735,20.44,2.59,"Aq","#FFFF33"
"aquitanian",6,15,0,7.5,"N",3.30877,1,7.990575,0.12871080689664,23.03,21.735,20.44,2.59,"Aq","#FFFF33"
"aquitanian",7,0,-15,-7.5,"S",NA,NA,NA,NA,23.03,21.735,20.44,2.59,"Aq","#FFFF33"
"aquitanian",8,-15,-30,-22.5,"S",NA,NA,NA,NA,23.03,21.735,20.44,2.59,"Aq","#FFFF33"
"aquitanian",9,-30,-45,-37.5,"S",4.27236,0.475,9.42412499999999,0.166194357103374,23.03,21.735,20.44,2.59,"Aq","#FFFF33"
"aquitanian",10,-45,-60,-52.5,"S",3.55876,0,7.51554999999999,0.138435391747232,23.03,21.735,20.44,2.59,"Aq","#FFFF33"
"aquitanian",11,-60,-75,-67.5,"S",NA,NA,NA,NA,23.03,21.735,20.44,2.59,"Aq","#FFFF33"
"aquitanian",12,-75,-90,-82.5,"S",NA,NA,NA,NA,23.03,21.735,20.44,2.59,"Aq","#FFFF33"
"artinskian",1,90,75,82.5,"N",NA,NA,NA,NA,290.1,284.7,279.3,10.8,"Art","#E37B68"
"artinskian",2,75,60,67.5,"N",1.11999,0,4,0.0149995178683352,290.1,284.7,279.3,10.8,"Art","#E37B68"
"artinskian",3,60,45,52.5,"N",0.57,0,2,0.00763375135934344,290.1,284.7,279.3,10.8,"Art","#E37B68"
"artinskian",4,45,30,37.5,"N",15.47343,10.69905,20.20735,0.207228626835448,290.1,284.7,279.3,10.8,"Art","#E37B68"
"artinskian",5,30,15,22.5,"N",8.44205,3.993,13.86875,0.113060545023062,290.1,284.7,279.3,10.8,"Art","#E37B68"
"artinskian",6,15,0,7.5,"N",7.56454,2.475,13.1298,0.101308451768084,290.1,284.7,279.3,10.8,"Art","#E37B68"
"artinskian",7,0,-15,-7.5,"S",5.93563,2,10.620125,0.0794931992650171,290.1,284.7,279.3,10.8,"Art","#E37B68"
"artinskian",8,-15,-30,-22.5,"S",3.68877,1,7.9821,0.0494020228101848,290.1,284.7,279.3,10.8,"Art","#E37B68"
"artinskian",9,-30,-45,-37.5,"S",8.78037,3.99895,13.54475,0.117591511268488,290.1,284.7,279.3,10.8,"Art","#E37B68"
"artinskian",10,-45,-60,-52.5,"S",15.3621,9.845175,20.769675,0.205737634662052,290.1,284.7,279.3,10.8,"Art","#E37B68"
"artinskian",11,-60,-75,-67.5,"S",6.43153,2,11.614,0.0861345629476459,290.1,284.7,279.3,10.8,"Art","#E37B68"
"artinskian",12,-75,-90,-82.5,"S",1.29999,0,3.52499999999999,0.0174101761923384,290.1,284.7,279.3,10.8,"Art","#E37B68"
"asselian",1,90,75,82.5,"N",NA,NA,NA,NA,298.9,297.2,295.5,3.4,"As","#E36350"
"asselian",2,75,60,67.5,"N",3.01889,0,6.980025,0.0491887231028575,298.9,297.2,295.5,3.4,"As","#E36350"
"asselian",3,60,45,52.5,"N",1.61991,0,4,0.0263942390883901,298.9,297.2,295.5,3.4,"As","#E36350"
"asselian",4,45,30,37.5,"N",15.40323,10.446475,21.20575,0.250974767334891,298.9,297.2,295.5,3.4,"As","#E36350"
"asselian",5,30,15,22.5,"N",11.69679,6.41935,16.543375,0.190583348350643,298.9,297.2,295.5,3.4,"As","#E36350"
"asselian",6,15,0,7.5,"N",5.03842,2,9.30169999999999,0.0820942287582189,298.9,297.2,295.5,3.4,"As","#E36350"
"asselian",7,0,-15,-7.5,"S",4.9071,1,8.91315,0.0799545472468464,298.9,297.2,295.5,3.4,"As","#E36350"
"asselian",8,-15,-30,-22.5,"S",8.09916,2.475,13.0247,0.131964840920252,298.9,297.2,295.5,3.4,"As","#E36350"
"asselian",9,-30,-45,-37.5,"S",4.1583,1.475,8.50644999999999,0.0677538655858983,298.9,297.2,295.5,3.4,"As","#E36350"
"asselian",10,-45,-60,-52.5,"S",6.44182,2,12.278075,0.104960730685268,298.9,297.2,295.5,3.4,"As","#E36350"
"asselian",11,-60,-75,-67.5,"S",0.99,0,3,0.0161307089267343,298.9,297.2,295.5,3.4,"As","#E36350"
"asselian",12,-75,-90,-82.5,"S",NA,NA,NA,NA,298.9,297.2,295.5,3.4,"As","#E36350"
"bajocian",1,90,75,82.5,"N",0.02,0,0,0.000423715168494574,170.3,169.3,168.3,2,"Bj","#A6DDE0"
"bajocian",2,75,60,67.5,"N",NA,NA,NA,NA,170.3,169.3,168.3,2,"Bj","#A6DDE0"
"bajocian",3,60,45,52.5,"N",0.97,0,3.52499999999999,0.0205501856719868,170.3,169.3,168.3,2,"Bj","#A6DDE0"
"bajocian",4,45,30,37.5,"N",21.30995,16.50235,25.5563,0.451467452743047,170.3,169.3,168.3,2,"Bj","#A6DDE0"
"bajocian",5,30,15,22.5,"N",14.75326,8.409,20.4189,0.312559002337213,170.3,169.3,168.3,2,"Bj","#A6DDE0"
"bajocian",6,15,0,7.5,"N",3.35885,1,6.995525,0.0711597846849,170.3,169.3,168.3,2,"Bj","#A6DDE0"
"bajocian",7,0,-15,-7.5,"S",2.70963,0,5.99905,0.0574055666003976,170.3,169.3,168.3,2,"Bj","#A6DDE0"
"bajocian",8,-15,-30,-22.5,"S",0.61,0,2.52499999999999,0.0129233126390845,170.3,169.3,168.3,2,"Bj","#A6DDE0"
"bajocian",9,-30,-45,-37.5,"S",2.06983,0,5,0.0438509183602562,170.3,169.3,168.3,2,"Bj","#A6DDE0"
"bajocian",10,-45,-60,-52.5,"S",NA,NA,NA,NA,170.3,169.3,168.3,2,"Bj","#A6DDE0"
"bajocian",11,-60,-75,-67.5,"S",NA,NA,NA,NA,170.3,169.3,168.3,2,"Bj","#A6DDE0"
"bajocian",12,-75,-90,-82.5,"S",1.4,0,3.52499999999999,0.0296600617946202,170.3,169.3,168.3,2,"Bj","#A6DDE0"
"barremian",1,90,75,82.5,"N",NA,NA,NA,NA,129.4,127.2,125,4.4,"Brrm","#B3DF7F"
"barremian",2,75,60,67.5,"N",2.59992,0,5.52289999999999,0.0654853749027134,129.4,127.2,125,4.4,"Brrm","#B3DF7F"
"barremian",3,60,45,52.5,"N",0.55,0,2,0.0138531017094728,129.4,127.2,125,4.4,"Brrm","#B3DF7F"
"barremian",4,45,30,37.5,"N",13.47744,7.97325,20.317425,0.339462449278757,129.4,127.2,125,4.4,"Brrm","#B3DF7F"
"barremian",5,30,15,22.5,"N",12.95311,6.982825,18.486125,0.326255909607252,129.4,127.2,125,4.4,"Brrm","#B3DF7F"
"barremian",6,15,0,7.5,"N",8.98183,3,15.457675,0.226229462776716,129.4,127.2,125,4.4,"Brrm","#B3DF7F"
"barremian",7,0,-15,-7.5,"S",NA,NA,NA,NA,129.4,127.2,125,4.4,"Brrm","#B3DF7F"
"barremian",8,-15,-30,-22.5,"S",NA,NA,NA,NA,129.4,127.2,125,4.4,"Brrm","#B3DF7F"
"barremian",9,-30,-45,-37.5,"S",0.43,0,2,0.0108306067910423,129.4,127.2,125,4.4,"Brrm","#B3DF7F"
"barremian",10,-45,-60,-52.5,"S",0.71,0,2.52499999999999,0.0178830949340466,129.4,127.2,125,4.4,"Brrm","#B3DF7F"
"barremian",11,-60,-75,-67.5,"S",NA,NA,NA,NA,129.4,127.2,125,4.4,"Brrm","#B3DF7F"
"barremian",12,-75,-90,-82.5,"S",NA,NA,NA,NA,129.4,127.2,125,4.4,"Brrm","#B3DF7F"
"bartonian",1,90,75,82.5,"N",NA,NA,NA,NA,41.3,39.65,38,3.3,"Brt","#FDC091"
"bartonian",2,75,60,67.5,"N",NA,NA,NA,NA,41.3,39.65,38,3.3,"Brt","#FDC091"
"bartonian",3,60,45,52.5,"N",2.7396,0,6.51869999999999,0.0685811786770511,41.3,39.65,38,3.3,"Brt","#FDC091"
"bartonian",4,45,30,37.5,"N",23.18594,18.1953,27.7725,0.580420168614173,41.3,39.65,38,3.3,"Brt","#FDC091"
"bartonian",5,30,15,22.5,"N",4.8249,1,8.50969999999999,0.120783081106331,41.3,39.65,38,3.3,"Brt","#FDC091"
"bartonian",6,15,0,7.5,"N",3.58905,1,6.51817499999999,0.0898456998579612,41.3,39.65,38,3.3,"Brt","#FDC091"
"bartonian",7,0,-15,-7.5,"S",0.13,0,1,0.00325432662725093,41.3,39.65,38,3.3,"Brt","#FDC091"
"bartonian",8,-15,-30,-22.5,"S",0.38,0,2,0.00951264706427195,41.3,39.65,38,3.3,"Brt","#FDC091"
"bartonian",9,-30,-45,-37.5,"S",0.73,0,2.52499999999999,0.0182742956761014,41.3,39.65,38,3.3,"Brt","#FDC091"
"bartonian",10,-45,-60,-52.5,"S",4.07733,1,7.99205,0.102068950669916,41.3,39.65,38,3.3,"Brt","#FDC091"
"bartonian",11,-60,-75,-67.5,"S",0.29,0,1.52499999999999,0.00725965170694438,41.3,39.65,38,3.3,"Brt","#FDC091"
"bartonian",12,-75,-90,-82.5,"S",NA,NA,NA,NA,41.3,39.65,38,3.3,"Brt","#FDC091"
"bathonian",1,90,75,82.5,"N",0.02,0,0,0.000387062512918211,168.3,167.2,166.1,2.2,"Bt","#B3E2E3"
"bathonian",2,75,60,67.5,"N",0.01,0,0,0.000193531256459106,168.3,167.2,166.1,2.2,"Bt","#B3E2E3"
"bathonian",3,60,45,52.5,"N",2.48997,0,5,0.0481887022645479,168.3,167.2,166.1,2.2,"Bt","#B3E2E3"
"bathonian",4,45,30,37.5,"N",22.24445,17.368175,26.810875,0.430499635774175,168.3,167.2,166.1,2.2,"Bt","#B3E2E3"
"bathonian",5,30,15,22.5,"N",15.05641,9.84455,20.163475,0.291388594506344,168.3,167.2,166.1,2.2,"Bt","#B3E2E3"
"bathonian",6,15,0,7.5,"N",4.4227,1,8.928775,0.0855930687941687,168.3,167.2,166.1,2.2,"Bt","#B3E2E3"
"bathonian",7,0,-15,-7.5,"S",2.96883,0.475,6.998525,0.0574561400113487,168.3,167.2,166.1,2.2,"Bt","#B3E2E3"
"bathonian",8,-15,-30,-22.5,"S",3.78888,0.475,7.99,0.0733266706972776,168.3,167.2,166.1,2.2,"Bt","#B3E2E3"
"bathonian",9,-30,-45,-37.5,"S",NA,NA,NA,NA,168.3,167.2,166.1,2.2,"Bt","#B3E2E3"
"bathonian",10,-45,-60,-52.5,"S",0.44,0,2,0.00851537528420065,168.3,167.2,166.1,2.2,"Bt","#B3E2E3"
"bathonian",11,-60,-75,-67.5,"S",NA,NA,NA,NA,168.3,167.2,166.1,2.2,"Bt","#B3E2E3"
"bathonian",12,-75,-90,-82.5,"S",0.23,0,1.52499999999999,0.00445121889855943,168.3,167.2,166.1,2.2,"Bt","#B3E2E3"
"berriasian",1,90,75,82.5,"N",NA,NA,NA,NA,145,142.4,139.8,5.2,"Brrs","#8CCD60"
"berriasian",2,75,60,67.5,"N",7.74271,3.475,13.147325,0.121683210734046,145,142.4,139.8,5.2,"Brrs","#8CCD60"
"berriasian",3,60,45,52.5,"N",9.58912,4.996475,14.65925,0.150701099448908,145,142.4,139.8,5.2,"Brrs","#8CCD60"
"berriasian",4,45,30,37.5,"N",19.15894,14.45075,23.589775,0.301098883137938,145,142.4,139.8,5.2,"Brrs","#8CCD60"
"berriasian",5,30,15,22.5,"N",12.5395,6.984275,17.894075,0.197068806787232,145,142.4,139.8,5.2,"Brrs","#8CCD60"
"berriasian",6,15,0,7.5,"N",8.82981,4,13.624925,0.138767903094858,145,142.4,139.8,5.2,"Brrs","#8CCD60"
"berriasian",7,0,-15,-7.5,"S",2.02999,0,5,0.0319030030774763,145,142.4,139.8,5.2,"Brrs","#8CCD60"
"berriasian",8,-15,-30,-22.5,"S",0.78,0,3,0.0122583571349768,145,142.4,139.8,5.2,"Brrs","#8CCD60"
"berriasian",9,-30,-45,-37.5,"S",1.81999,0,4.999525,0.028602676156521,145,142.4,139.8,5.2,"Brrs","#8CCD60"
"berriasian",10,-45,-60,-52.5,"S",NA,NA,NA,NA,145,142.4,139.8,5.2,"Brrs","#8CCD60"
"berriasian",11,-60,-75,-67.5,"S",1.14,0,3,0.017916060428043,145,142.4,139.8,5.2,"Brrs","#8CCD60"
"berriasian",12,-75,-90,-82.5,"S",NA,NA,NA,NA,145,142.4,139.8,5.2,"Brrs","#8CCD60"
"burdigalian",1,90,75,82.5,"N",NA,NA,NA,NA,20.44,18.205,15.97,4.47,"Brd","#FFFF41"
"burdigalian",2,75,60,67.5,"N",0.94,0,3,0.0209835245847662,20.44,18.205,15.97,4.47,"Brd","#FFFF41"
"burdigalian",3,60,45,52.5,"N",3.73854,1,7.979525,0.0834550489373742,20.44,18.205,15.97,4.47,"Brd","#FFFF41"
"burdigalian",4,45,30,37.5,"N",20.93285,15.534125,26.11715,0.467281885749173,20.44,18.205,15.97,4.47,"Brd","#FFFF41"
"burdigalian",5,30,15,22.5,"N",6.6651,3,11.3064,0.148784350755239,20.44,18.205,15.97,4.47,"Brd","#FFFF41"
"burdigalian",6,15,0,7.5,"N",5.27294,2,9.82455,0.117707304387231,20.44,18.205,15.97,4.47,"Brd","#FFFF41"
"burdigalian",7,0,-15,-7.5,"S",1.85997,0,5,0.0415199215126889,20.44,18.205,15.97,4.47,"Brd","#FFFF41"
"burdigalian",8,-15,-30,-22.5,"S",0.72,0,3,0.0160724869159911,20.44,18.205,15.97,4.47,"Brd","#FFFF41"
"burdigalian",9,-30,-45,-37.5,"S",4.23765,1,7.990525,0.0945966308049302,20.44,18.205,15.97,4.47,"Brd","#FFFF41"
"burdigalian",10,-45,-60,-52.5,"S",0.43,0,2,0.00959884635260581,20.44,18.205,15.97,4.47,"Brd","#FFFF41"
"burdigalian",11,-60,-75,-67.5,"S",NA,NA,NA,NA,20.44,18.205,15.97,4.47,"Brd","#FFFF41"
"burdigalian",12,-75,-90,-82.5,"S",NA,NA,NA,NA,20.44,18.205,15.97,4.47,"Brd","#FFFF41"
"callovian",1,90,75,82.5,"N",0.04,0,1,0.000685954683432771,166.1,164.8,163.5,2.6,"Cll","#BFE7E5"
"callovian",2,75,60,67.5,"N",6.5965,3,11.2482,0.113122501731607,166.1,164.8,163.5,2.6,"Cll","#BFE7E5"
"callovian",3,60,45,52.5,"N",1.43999,0,4.52447499999999,0.0246941971149089,166.1,164.8,163.5,2.6,"Cll","#BFE7E5"
"callovian",4,45,30,37.5,"N",21.43025,16.437125,25.778425,0.367504508865879,166.1,164.8,163.5,2.6,"Cll","#BFE7E5"
"callovian",5,30,15,22.5,"N",12.23685,7.459225,17.7951,0.209848114199108,166.1,164.8,163.5,2.6,"Cll","#BFE7E5"
"callovian",6,15,0,7.5,"N",3.62733,1,7.967575,0.0622046000464048,166.1,164.8,163.5,2.6,"Cll","#BFE7E5"
"callovian",7,0,-15,-7.5,"S",2.54984,0,5.52342499999999,0.0437268672501054,166.1,164.8,163.5,2.6,"Cll","#BFE7E5"
"callovian",8,-15,-30,-22.5,"S",9.21213,4.47215,14.877475,0.157977592947288,166.1,164.8,163.5,2.6,"Cll","#BFE7E5"
"callovian",9,-30,-45,-37.5,"S",1.18,0,3,0.0202356631612667,166.1,164.8,163.5,2.6,"Cll","#BFE7E5"
"callovian",10,-45,-60,-52.5,"S",NA,NA,NA,NA,166.1,164.8,163.5,2.6,"Cll","#BFE7E5"
"callovian",11,-60,-75,-67.5,"S",NA,NA,NA,NA,166.1,164.8,163.5,2.6,"Cll","#BFE7E5"
"callovian",12,-75,-90,-82.5,"S",NA,NA,NA,NA,166.1,164.8,163.5,2.6,"Cll","#BFE7E5"
"campanian",1,90,75,82.5,"N",3.63935,0,6.996,0.0522088952590017,83.6,77.85,72.1,11.5,"Cm","#E6F47F"
"campanian",2,75,60,67.5,"N",6.99261,3,12.077,0.100313639269938,83.6,77.85,72.1,11.5,"Cm","#E6F47F"
"campanian",3,60,45,52.5,"N",12.30273,6.354,17.34815,0.176490840938568,83.6,77.85,72.1,11.5,"Cm","#E6F47F"
"campanian",4,45,30,37.5,"N",24.51099,20.096475,28.06595,0.351626446921686,83.6,77.85,72.1,11.5,"Cm","#E6F47F"
"campanian",5,30,15,22.5,"N",17.66462,11.519675,23.1509,0.253410717674878,83.6,77.85,72.1,11.5,"Cm","#E6F47F"
"campanian",6,15,0,7.5,"N",3.87717,1,7.977675,0.0556205812662545,83.6,77.85,72.1,11.5,"Cm","#E6F47F"
"campanian",7,0,-15,-7.5,"S",0.22,0,1.52499999999999,0.00315604626017843,83.6,77.85,72.1,11.5,"Cm","#E6F47F"
"campanian",8,-15,-30,-22.5,"S",0.23,0,1,0.00329950290836836,83.6,77.85,72.1,11.5,"Cm","#E6F47F"
"campanian",9,-30,-45,-37.5,"S",NA,NA,NA,NA,83.6,77.85,72.1,11.5,"Cm","#E6F47F"
"campanian",10,-45,-60,-52.5,"S",0.27,0,1,0.00387332950112807,83.6,77.85,72.1,11.5,"Cm","#E6F47F"
"campanian",11,-60,-75,-67.5,"S",NA,NA,NA,NA,83.6,77.85,72.1,11.5,"Cm","#E6F47F"
"campanian",12,-75,-90,-82.5,"S",NA,NA,NA,NA,83.6,77.85,72.1,11.5,"Cm","#E6F47F"
"capitanian",1,90,75,82.5,"N",1.66,0,4,0.0287842586865604,265.1,262.5,259.9,5.2,"Cp","#FB9A85"
"capitanian",2,75,60,67.5,"N",1.42998,0,3.52499999999999,0.0247957314678359,265.1,262.5,259.9,5.2,"Cp","#FB9A85"
"capitanian",3,60,45,52.5,"N",10.88115,6.427875,16.4646,0.188678214703173,265.1,262.5,259.9,5.2,"Cp","#FB9A85"
"capitanian",4,45,30,37.5,"N",3.09835,0,8.48702499999999,0.0537251252418701,265.1,262.5,259.9,5.2,"Cp","#FB9A85"
"capitanian",5,30,15,22.5,"N",4.085,1,8.47339999999999,0.0708335522497586,265.1,262.5,259.9,5.2,"Cp","#FB9A85"
"capitanian",6,15,0,7.5,"N",4.81665,2,8.95935,0.0835203009654344,265.1,262.5,259.9,5.2,"Cp","#FB9A85"
"capitanian",7,0,-15,-7.5,"S",12.50072,5.9969,18.723725,0.216761420631482,265.1,262.5,259.9,5.2,"Cp","#FB9A85"
"capitanian",8,-15,-30,-22.5,"S",11.12916,5.997475,16.258125,0.192978686990434,265.1,262.5,259.9,5.2,"Cp","#FB9A85"
"capitanian",9,-30,-45,-37.5,"S",5.37952,1.475,10.7361,0.0932804188491117,265.1,262.5,259.9,5.2,"Cp","#FB9A85"
"capitanian",10,-45,-60,-52.5,"S",2.27988,0,5,0.0395329251170574,265.1,262.5,259.9,5.2,"Cp","#FB9A85"
"capitanian",11,-60,-75,-67.5,"S",NA,NA,NA,NA,265.1,262.5,259.9,5.2,"Cp","#FB9A85"
"capitanian",12,-75,-90,-82.5,"S",0.41,0,2,0.00710936509728299,265.1,262.5,259.9,5.2,"Cp","#FB9A85"
"carnian",1,90,75,82.5,"N",8.64001,4,13.536575,0.141643873614466,237,232.5,228,9,"Cr","#C99BCB"
"carnian",2,75,60,67.5,"N",1.04,0,4,0.0170497057942114,237,232.5,228,9,"Cr","#C99BCB"
"carnian",3,60,45,52.5,"N",10.54032,4,15.1199,0.172797456708502,237,232.5,228,9,"Cr","#C99BCB"
"carnian",4,45,30,37.5,"N",9.54243,4,15.4736,0.156438100059477,237,232.5,228,9,"Cr","#C99BCB"
"carnian",5,30,15,22.5,"N",7.85615,3.474525,13.0912,0.128793313629994,237,232.5,228,9,"Cr","#C99BCB"
"carnian",6,15,0,7.5,"N",16.15191,11.35225,22.265725,0.264793570687097,237,232.5,228,9,"Cr","#C99BCB"
"carnian",7,0,-15,-7.5,"S",4.72735,1,8.50219999999999,0.0774999295060241,237,232.5,228,9,"Cr","#C99BCB"
"carnian",8,-15,-30,-22.5,"S",1.48995,0,4.52499999999999,0.0244261626423896,237,232.5,228,9,"Cr","#C99BCB"
"carnian",9,-30,-45,-37.5,"S",0.67,0,2.52499999999999,0.0109839450789631,237,232.5,228,9,"Cr","#C99BCB"
"carnian",10,-45,-60,-52.5,"S",NA,NA,NA,NA,237,232.5,228,9,"Cr","#C99BCB"
"carnian",11,-60,-75,-67.5,"S",NA,NA,NA,NA,237,232.5,228,9,"Cr","#C99BCB"
"carnian",12,-75,-90,-82.5,"S",0.34,0,1,0.00557394227887679,237,232.5,228,9,"Cr","#C99BCB"
"cenomanian",1,90,75,82.5,"N",0.65,0,2.52499999999999,0.00831839754389714,100.5,97.2,93.9,6.6,"Cnm","#B3DE53"
"cenomanian",2,75,60,67.5,"N",5.82664,2,9.9489,0.0745666274848813,100.5,97.2,93.9,6.6,"Cnm","#B3DE53"
"cenomanian",3,60,45,52.5,"N",22.30913,17.219625,26.2831,0.285501864920742,100.5,97.2,93.9,6.6,"Cnm","#B3DE53"
"cenomanian",4,45,30,37.5,"N",26.05319,21.09325,29.889225,0.33341660262567,100.5,97.2,93.9,6.6,"Cnm","#B3DE53"
"cenomanian",5,30,15,22.5,"N",13.75791,6.98755,19.3983,0.176067330389474,100.5,97.2,93.9,6.6,"Cnm","#B3DE53"
"cenomanian",6,15,0,7.5,"N",5.9732,2,10.8125,0.0764422341680099,100.5,97.2,93.9,6.6,"Cnm","#B3DE53"
"cenomanian",7,0,-15,-7.5,"S",1.86999,0,5,0.0239312618817111,100.5,97.2,93.9,6.6,"Cnm","#B3DE53"
"cenomanian",8,-15,-30,-22.5,"S",NA,NA,NA,NA,100.5,97.2,93.9,6.6,"Cnm","#B3DE53"
"cenomanian",9,-30,-45,-37.5,"S",NA,NA,NA,NA,100.5,97.2,93.9,6.6,"Cnm","#B3DE53"
"cenomanian",10,-45,-60,-52.5,"S",1.62999,0,4.52499999999999,0.0208598535578106,100.5,97.2,93.9,6.6,"Cnm","#B3DE53"
"cenomanian",11,-60,-75,-67.5,"S",NA,NA,NA,NA,100.5,97.2,93.9,6.6,"Cnm","#B3DE53"
"cenomanian",12,-75,-90,-82.5,"S",0.07,0,1,0.000895827427804308,100.5,97.2,93.9,6.6,"Cnm","#B3DE53"
"changhsingian",1,90,75,82.5,"N",6.03008,2.99895,10.3967,0.10454276496515,254.17,253.17,252.17,2,"Chn","#FCC0B2"
"changhsingian",2,75,60,67.5,"N",0.06,0,1,0.00104021271656579,254.17,253.17,252.17,2,"Chn","#FCC0B2"
"changhsingian",3,60,45,52.5,"N",1.58,0,4,0.027392268202899,254.17,253.17,252.17,2,"Chn","#FCC0B2"
"changhsingian",4,45,30,37.5,"N",8.23059,4,12.480025,0.142692739713987,254.17,253.17,252.17,2,"Chn","#FCC0B2"
"changhsingian",5,30,15,22.5,"N",4.97033,1.475,9.45789999999999,0.0861700078588071,254.17,253.17,252.17,2,"Chn","#FCC0B2"
"changhsingian",6,15,0,7.5,"N",5.87012,3,10.88015,0.101769557862786,254.17,253.17,252.17,2,"Chn","#FCC0B2"
"changhsingian",7,0,-15,-7.5,"S",15.24612,9.910625,20.029825,0.264320131704799,254.17,253.17,252.17,2,"Chn","#FCC0B2"
"changhsingian",8,-15,-30,-22.5,"S",10.5535,4.999,15.377925,0.182964748404617,254.17,253.17,252.17,2,"Chn","#FCC0B2"
"changhsingian",9,-30,-45,-37.5,"S",4.68977,1,9.45122499999999,0.0813059731961455,254.17,253.17,252.17,2,"Chn","#FCC0B2"
"changhsingian",10,-45,-60,-52.5,"S",0.44,0,2,0.0076282265881491,254.17,253.17,252.17,2,"Chn","#FCC0B2"
"changhsingian",11,-60,-75,-67.5,"S",NA,NA,NA,NA,254.17,253.17,252.17,2,"Chn","#FCC0B2"
"changhsingian",12,-75,-90,-82.5,"S",0.01,0,0,0.000173368786094298,254.17,253.17,252.17,2,"Chn","#FCC0B2"
"chattian",1,90,75,82.5,"N",NA,NA,NA,NA,28.1,25.565,23.03,5.07,"Cht","#FEE6AA"
"chattian",2,75,60,67.5,"N",0.28,0,2,0.00663952995921906,28.1,25.565,23.03,5.07,"Cht","#FEE6AA"
"chattian",3,60,45,52.5,"N",10.83215,5.4195,15.735225,0.256858515884838,28.1,25.565,23.03,5.07,"Cht","#FEE6AA"
"chattian",4,45,30,37.5,"N",16.0706,8.93165,21.903425,0.381075822009378,28.1,25.565,23.03,5.07,"Cht","#FEE6AA"
"chattian",5,30,15,22.5,"N",3.4488,0,6.997,0.081780039011981,28.1,25.565,23.03,5.07,"Cht","#FEE6AA"
"chattian",6,15,0,7.5,"N",1.81995,0,4.52237499999999,0.043155759104574,28.1,25.565,23.03,5.07,"Cht","#FEE6AA"
"chattian",7,0,-15,-7.5,"S",NA,NA,NA,NA,28.1,25.565,23.03,5.07,"Cht","#FEE6AA"
"chattian",8,-15,-30,-22.5,"S",NA,NA,NA,NA,28.1,25.565,23.03,5.07,"Cht","#FEE6AA"
"chattian",9,-30,-45,-37.5,"S",2.77935,0,6,0.0659056342576982,28.1,25.565,23.03,5.07,"Cht","#FEE6AA"
"chattian",10,-45,-60,-52.5,"S",6.94081,2.475,11.232975,0.164584699772312,28.1,25.565,23.03,5.07,"Cht","#FEE6AA"
"chattian",11,-60,-75,-67.5,"S",NA,NA,NA,NA,28.1,25.565,23.03,5.07,"Cht","#FEE6AA"
"chattian",12,-75,-90,-82.5,"S",NA,NA,NA,NA,28.1,25.565,23.03,5.07,"Cht","#FEE6AA"
"coniacian",1,90,75,82.5,"N",0.47,0,2,0.0111832283934079,89.8,88.05,86.3,3.5,"Cnc","#CCE968"
"coniacian",2,75,60,67.5,"N",1.35,0,4.52499999999999,0.0321220390023418,89.8,88.05,86.3,3.5,"Cnc","#CCE968"
"coniacian",3,60,45,52.5,"N",10.75698,5.99795,15.672075,0.255952689709193,89.8,88.05,86.3,3.5,"Cnc","#CCE968"
"coniacian",4,45,30,37.5,"N",17.4556,11.96285,22.118625,0.415340343710576,89.8,88.05,86.3,3.5,"Cnc","#CCE968"
"coniacian",5,30,15,22.5,"N",6.77493,2.475,11.77355,0.161203381998619,89.8,88.05,86.3,3.5,"Cnc","#CCE968"
"coniacian",6,15,0,7.5,"N",2.12993,0,5,0.0506797737275984,89.8,88.05,86.3,3.5,"Cnc","#CCE968"
"coniacian",7,0,-15,-7.5,"S",2.30978,0,5,0.0549591431457993,89.8,88.05,86.3,3.5,"Cnc","#CCE968"
"coniacian",8,-15,-30,-22.5,"S",0.34,0,2,0.0080899950079972,89.8,88.05,86.3,3.5,"Cnc","#CCE968"
"coniacian",9,-30,-45,-37.5,"S",NA,NA,NA,NA,89.8,88.05,86.3,3.5,"Cnc","#CCE968"
"coniacian",10,-45,-60,-52.5,"S",0.44,0,2,0.010469405304467,89.8,88.05,86.3,3.5,"Cnc","#CCE968"
"coniacian",11,-60,-75,-67.5,"S",NA,NA,NA,NA,89.8,88.05,86.3,3.5,"Cnc","#CCE968"
"coniacian",12,-75,-90,-82.5,"S",NA,NA,NA,NA,89.8,88.05,86.3,3.5,"Cnc","#CCE968"
"danian",1,90,75,82.5,"N",0.13,0,1,0.00278766146724916,66,63.8,61.6,4.4,"Dn","#FDB462"
"danian",2,75,60,67.5,"N",NA,NA,NA,NA,66,63.8,61.6,4.4,"Dn","#FDB462"
"danian",3,60,45,52.5,"N",5.02266,1,9.44367499999999,0.107703659577644,66,63.8,61.6,4.4,"Dn","#FDB462"
"danian",4,45,30,37.5,"N",24.85606,20.6514,28.55325,0.533002159151024,66,63.8,61.6,4.4,"Dn","#FDB462"
"danian",5,30,15,22.5,"N",11.87537,6.994475,16.56195,0.254650087371743,66,63.8,61.6,4.4,"Dn","#FDB462"
"danian",6,15,0,7.5,"N",1.83998,0,5,0.0394557026654547,66,63.8,61.6,4.4,"Dn","#FDB462"
"danian",7,0,-15,-7.5,"S",0.3,0,2,0.00643306492442114,66,63.8,61.6,4.4,"Dn","#FDB462"
"danian",8,-15,-30,-22.5,"S",0.3,0,2,0.00643306492442114,66,63.8,61.6,4.4,"Dn","#FDB462"
"danian",9,-30,-45,-37.5,"S",1.09,0,3,0.0233734692253968,66,63.8,61.6,4.4,"Dn","#FDB462"
"danian",10,-45,-60,-52.5,"S",0.9,0,3,0.0192991947732634,66,63.8,61.6,4.4,"Dn","#FDB462"
"danian",11,-60,-75,-67.5,"S",0.32,0,2,0.00686193591938255,66,63.8,61.6,4.4,"Dn","#FDB462"
"danian",12,-75,-90,-82.5,"S",NA,NA,NA,NA,66,63.8,61.6,4.4,"Dn","#FDB462"
"hauterivian",1,90,75,82.5,"N",1.44,0,4,0.0333412132821206,132.9,131.15,129.4,3.5,"Htr","#A6D975"
"hauterivian",2,75,60,67.5,"N",4.92367,1,8.46922499999999,0.114000785833874,132.9,131.15,129.4,3.5,"Htr","#A6D975"
"hauterivian",3,60,45,52.5,"N",0.85,0,3,0.0196805772845851,132.9,131.15,129.4,3.5,"Htr","#A6D975"
"hauterivian",4,45,30,37.5,"N",13.41063,7.96715,18.7087,0.310504635470559,132.9,131.15,129.4,3.5,"Htr","#A6D975"
"hauterivian",5,30,15,22.5,"N",16.05576,9.888925,20.93555,0.371748971226764,132.9,131.15,129.4,3.5,"Htr","#A6D975"
"hauterivian",6,15,0,7.5,"N",2.71975,0,6.995,0.0629720589055886,132.9,131.15,129.4,3.5,"Htr","#A6D975"
"hauterivian",7,0,-15,-7.5,"S",1.61998,0,4.52447499999999,0.037508401869979,132.9,131.15,129.4,3.5,"Htr","#A6D975"
"hauterivian",8,-15,-30,-22.5,"S",1.3,0,4,0.0300997064352478,132.9,131.15,129.4,3.5,"Htr","#A6D975"
"hauterivian",9,-30,-45,-37.5,"S",0.31,0,1,0.00717762230378985,132.9,131.15,129.4,3.5,"Htr","#A6D975"
"hauterivian",10,-45,-60,-52.5,"S",NA,NA,NA,NA,132.9,131.15,129.4,3.5,"Htr","#A6D975"
"hauterivian",11,-60,-75,-67.5,"S",0.56,0,2,0.0129660273874913,132.9,131.15,129.4,3.5,"Htr","#A6D975"
"hauterivian",12,-75,-90,-82.5,"S",NA,NA,NA,NA,132.9,131.15,129.4,3.5,"Htr","#A6D975"
"hettangian",1,90,75,82.5,"N",NA,NA,NA,NA,201.3,200.3,199.3,2,"Htt","#4EB3D3"
"hettangian",2,75,60,67.5,"N",1.19,0,4,0.0313815420626059,201.3,200.3,199.3,2,"Htt","#4EB3D3"
"hettangian",3,60,45,52.5,"N",2.68983,0,6.996525,0.0709336246103019,201.3,200.3,199.3,2,"Htt","#4EB3D3"
"hettangian",4,45,30,37.5,"N",22.616,18.08135,26.440825,0.596407525452013,201.3,200.3,199.3,2,"Htt","#4EB3D3"
"hettangian",5,30,15,22.5,"N",6.57475,2.475,10.893825,0.173383019895898,201.3,200.3,199.3,2,"Htt","#4EB3D3"
"hettangian",6,15,0,7.5,"N",NA,NA,NA,NA,201.3,200.3,199.3,2,"Htt","#4EB3D3"
"hettangian",7,0,-15,-7.5,"S",NA,NA,NA,NA,201.3,200.3,199.3,2,"Htt","#4EB3D3"
"hettangian",8,-15,-30,-22.5,"S",1.28,0,4,0.0337549360001139,201.3,200.3,199.3,2,"Htt","#4EB3D3"
"hettangian",9,-30,-45,-37.5,"S",2.2098,0,5.52342499999999,0.0582747324789467,201.3,200.3,199.3,2,"Htt","#4EB3D3"
"hettangian",10,-45,-60,-52.5,"S",0.49,0,2,0.0129218114375436,201.3,200.3,199.3,2,"Htt","#4EB3D3"
"hettangian",11,-60,-75,-67.5,"S",0.87,0,2,0.0229428080625774,201.3,200.3,199.3,2,"Htt","#4EB3D3"
"hettangian",12,-75,-90,-82.5,"S",NA,NA,NA,NA,201.3,200.3,199.3,2,"Htt","#4EB3D3"
"induan",1,90,75,82.5,"N",5.76885,2,10.650725,0.0960052042863802,252.17,251.685,251.2,0.97,"I","#A4469F"
"induan",2,75,60,67.5,"N",0.01,0,0,0.000166420004483355,252.17,251.685,251.2,0.97,"I","#A4469F"
"induan",3,60,45,52.5,"N",12.23527,5.92905,16.997025,0.203619368825506,252.17,251.685,251.2,0.97,"I","#A4469F"
"induan",4,45,30,37.5,"N",10.55425,5.9836,15.741125,0.175643833231845,252.17,251.685,251.2,0.97,"I","#A4469F"
"induan",5,30,15,22.5,"N",1.08999,0,3.52499999999999,0.0181396140686812,252.17,251.685,251.2,0.97,"I","#A4469F"
"induan",6,15,0,7.5,"N",2.40986,0,5.998525,0.0401048912004258,252.17,251.685,251.2,0.97,"I","#A4469F"
"induan",7,0,-15,-7.5,"S",13.40761,7.942975,17.922225,0.223129451631107,252.17,251.685,251.2,0.97,"I","#A4469F"
"induan",8,-15,-30,-22.5,"S",6.29039,2,11.080975,0.104684673200205,252.17,251.685,251.2,0.97,"I","#A4469F"
"induan",9,-30,-45,-37.5,"S",7.20271,3,11.56715,0.119867503049231,252.17,251.685,251.2,0.97,"I","#A4469F"
"induan",10,-45,-60,-52.5,"S",0.34,0,2,0.00565828015243407,252.17,251.685,251.2,0.97,"I","#A4469F"
"induan",11,-60,-75,-67.5,"S",NA,NA,NA,NA,252.17,251.685,251.2,0.97,"I","#A4469F"
"induan",12,-75,-90,-82.5,"S",0.78,0,3,0.0129807603497017,252.17,251.685,251.2,0.97,"I","#A4469F"
"kimmeridgian",1,90,75,82.5,"N",NA,NA,NA,NA,157.3,154.7,152.1,5.2,"Km","#CCECF4"
"kimmeridgian",2,75,60,67.5,"N",5.42178,2,10.3958,0.0745301092827292,157.3,154.7,152.1,5.2,"Km","#CCECF4"
"kimmeridgian",3,60,45,52.5,"N",3.83829,1,7.97675,0.0527627777517359,157.3,154.7,152.1,5.2,"Km","#CCECF4"
"kimmeridgian",4,45,30,37.5,"N",19.04178,13.926925,23.89675,0.261756460855602,157.3,154.7,152.1,5.2,"Km","#CCECF4"
"kimmeridgian",5,30,15,22.5,"N",14.73309,9.36875,20.297375,0.202527363296239,157.3,154.7,152.1,5.2,"Km","#CCECF4"
"kimmeridgian",6,15,0,7.5,"N",5.89992,2,10.391975,0.0811028264443338,157.3,154.7,152.1,5.2,"Km","#CCECF4"
"kimmeridgian",7,0,-15,-7.5,"S",7.78591,3,13.9128,0.107028452494475,157.3,154.7,152.1,5.2,"Km","#CCECF4"
"kimmeridgian",8,-15,-30,-22.5,"S",9.93584,4,14.5809,0.136582310793819,157.3,154.7,152.1,5.2,"Km","#CCECF4"
"kimmeridgian",9,-30,-45,-37.5,"S",3.21962,0,6.994675,0.0442582750404592,157.3,154.7,152.1,5.2,"Km","#CCECF4"
"kimmeridgian",10,-45,-60,-52.5,"S",0.25,0,2,0.00343660704061808,157.3,154.7,152.1,5.2,"Km","#CCECF4"
"kimmeridgian",11,-60,-75,-67.5,"S",2.52994,0,5.999,0.0347776384653653,157.3,154.7,152.1,5.2,"Km","#CCECF4"
"kimmeridgian",12,-75,-90,-82.5,"S",0.09,0,1,0.00123717853462251,157.3,154.7,152.1,5.2,"Km","#CCECF4"
"kungurian",1,90,75,82.5,"N",0.52,0,2,0.00722807997870497,279.3,275.8,272.3,7,"Kn","#E38776"
"kungurian",2,75,60,67.5,"N",1.42,0,4,0.0197382184033866,279.3,275.8,272.3,7,"Kn","#E38776"
"kungurian",3,60,45,52.5,"N",0.23,0,1,0.00319703537519643,279.3,275.8,272.3,7,"Kn","#E38776"
"kungurian",4,45,30,37.5,"N",15.63359,10.1918,20.017575,0.217309305527466,279.3,275.8,272.3,7,"Kn","#E38776"
"kungurian",5,30,15,22.5,"N",6.77819,2,11.734075,0.0942178835208812,279.3,275.8,272.3,7,"Kn","#E38776"
"kungurian",6,15,0,7.5,"N",7.39423,3,11.818375,0.102780934271038,279.3,275.8,272.3,7,"Kn","#E38776"
"kungurian",7,0,-15,-7.5,"S",12.10802,6.98475,16.325225,0.16830334027646,279.3,275.8,272.3,7,"Kn","#E38776"
"kungurian",8,-15,-30,-22.5,"S",2.82986,0,6,0.0393354892471885,279.3,275.8,272.3,7,"Kn","#E38776"
"kungurian",9,-30,-45,-37.5,"S",8.32311,4,13.5085,0.115692509137614,279.3,275.8,272.3,7,"Kn","#E38776"
"kungurian",10,-45,-60,-52.5,"S",5.95366,2,9.92105,0.0827567897038781,279.3,275.8,272.3,7,"Kn","#E38776"
"kungurian",11,-60,-75,-67.5,"S",8.66139,4.999,13.5793,0.120394653166837,279.3,275.8,272.3,7,"Kn","#E38776"
"kungurian",12,-75,-90,-82.5,"S",2.0896,0,5,0.0290457613913498,279.3,275.8,272.3,7,"Kn","#E38776"
"ladinian",1,90,75,82.5,"N",1.70999,0,4.52447499999999,0.0265204034598938,242,239.5,237,5,"Ldn","#C983BF"
"ladinian",2,75,60,67.5,"N",NA,NA,NA,NA,242,239.5,237,5,"Ldn","#C983BF"
"ladinian",3,60,45,52.5,"N",6.1075,2,11.330675,0.0947218195026294,242,239.5,237,5,"Ldn","#C983BF"
"ladinian",4,45,30,37.5,"N",15.69805,10.770775,21.530125,0.243462604771715,242,239.5,237,5,"Ldn","#C983BF"
"ladinian",5,30,15,22.5,"N",13.57041,7.445325,18.5331,0.210464826294994,242,239.5,237,5,"Ldn","#C983BF"
"ladinian",6,15,0,7.5,"N",5.85843,2,10.8537,0.090858968322356,242,239.5,237,5,"Ldn","#C983BF"
"ladinian",7,0,-15,-7.5,"S",10.33003,4.997475,16.6808,0.160209453477977,242,239.5,237,5,"Ldn","#C983BF"
"ladinian",8,-15,-30,-22.5,"S",3.29916,1,6.9861,0.0511669976308301,242,239.5,237,5,"Ldn","#C983BF"
"ladinian",9,-30,-45,-37.5,"S",1.11,0,3,0.01721509941022,242,239.5,237,5,"Ldn","#C983BF"
"ladinian",10,-45,-60,-52.5,"S",NA,NA,NA,NA,242,239.5,237,5,"Ldn","#C983BF"
"ladinian",11,-60,-75,-67.5,"S",NA,NA,NA,NA,242,239.5,237,5,"Ldn","#C983BF"
"ladinian",12,-75,-90,-82.5,"S",6.79471,2.998425,11.396875,0.105379827129384,242,239.5,237,5,"Ldn","#C983BF"
"langhian",1,90,75,82.5,"N",NA,NA,NA,NA,15.97,14.895,13.82,2.15,"Ln","#FFFF4D"
"langhian",2,75,60,67.5,"N",0.46,0,2,0.0147933798981765,15.97,14.895,13.82,2.15,"Ln","#FFFF4D"
"langhian",3,60,45,52.5,"N",2.24972,0,5.999525,0.0723499187489689,15.97,14.895,13.82,2.15,"Ln","#FFFF4D"
"langhian",4,45,30,37.5,"N",17.76137,11.84925,22.645825,0.571197160700164,15.97,14.895,13.82,2.15,"Ln","#FFFF4D"
"langhian",5,30,15,22.5,"N",4.00549,0.475,8.949375,0.128814641844233,15.97,14.895,13.82,2.15,"Ln","#FFFF4D"
"langhian",6,15,0,7.5,"N",1.15,0,3,0.0369834497454413,15.97,14.895,13.82,2.15,"Ln","#FFFF4D"
"langhian",7,0,-15,-7.5,"S",1.11,0,3,0.0356970688847303,15.97,14.895,13.82,2.15,"Ln","#FFFF4D"
"langhian",8,-15,-30,-22.5,"S",NA,NA,NA,NA,15.97,14.895,13.82,2.15,"Ln","#FFFF4D"
"langhian",9,-30,-45,-37.5,"S",3.72841,0.475,6.995575,0.119903881622088,15.97,14.895,13.82,2.15,"Ln","#FFFF4D"
"langhian",10,-45,-60,-52.5,"S",0.63,0,2.52499999999999,0.0202604985561983,15.97,14.895,13.82,2.15,"Ln","#FFFF4D"
"langhian",11,-60,-75,-67.5,"S",NA,NA,NA,NA,15.97,14.895,13.82,2.15,"Ln","#FFFF4D"
"langhian",12,-75,-90,-82.5,"S",NA,NA,NA,NA,15.97,14.895,13.82,2.15,"Ln","#FFFF4D"
"lutetian",1,90,75,82.5,"N",NA,NA,NA,NA,47.8,44.55,41.3,6.5,"Lt","#FCB482"
"lutetian",2,75,60,67.5,"N",NA,NA,NA,NA,47.8,44.55,41.3,6.5,"Lt","#FCB482"
"lutetian",3,60,45,52.5,"N",2.13999,0,5,0.0462477751258421,47.8,44.55,41.3,6.5,"Lt","#FCB482"
"lutetian",4,45,30,37.5,"N",21.57672,17.17445,25.5991,0.466299045562484,47.8,44.55,41.3,6.5,"Lt","#FCB482"
"lutetian",5,30,15,22.5,"N",9.92539999999999,4.475,14.111825,0.214499912258484,47.8,44.55,41.3,6.5,"Lt","#FCB482"
"lutetian",6,15,0,7.5,"N",10.39017,5.9897,14.9264,0.224544154729354,47.8,44.55,41.3,6.5,"Lt","#FCB482"
"lutetian",7,0,-15,-7.5,"S",0.83,0,3,0.01793730501285,47.8,44.55,41.3,6.5,"Lt","#FCB482"
"lutetian",8,-15,-30,-22.5,"S",0.2,0,1,0.00432224217177109,47.8,44.55,41.3,6.5,"Lt","#FCB482"
"lutetian",9,-30,-45,-37.5,"S",0.41,0,2,0.00886059645213074,47.8,44.55,41.3,6.5,"Lt","#FCB482"
"lutetian",10,-45,-60,-52.5,"S",0.12,0,1,0.00259334530306265,47.8,44.55,41.3,6.5,"Lt","#FCB482"
"lutetian",11,-60,-75,-67.5,"S",0.68,0,3,0.0146956233840217,47.8,44.55,41.3,6.5,"Lt","#FCB482"
"lutetian",12,-75,-90,-82.5,"S",NA,NA,NA,NA,47.8,44.55,41.3,6.5,"Lt","#FCB482"
"maastrichtian",1,90,75,82.5,"N",2.54978,0,6,0.0251330119250167,72.1,69.05,66,6.1,"Mst","#F2FA8C"
"maastrichtian",2,75,60,67.5,"N",0.23,0,1,0.00226709470728998,72.1,69.05,66,6.1,"Mst","#F2FA8C"
"maastrichtian",3,60,45,52.5,"N",9.73658,4,15.812075,0.0959728216743717,72.1,69.05,66,6.1,"Mst","#F2FA8C"
"maastrichtian",4,45,30,37.5,"N",31.51906,28.257625,33.785325,0.310681278716328,72.1,69.05,66,6.1,"Mst","#F2FA8C"
"maastrichtian",5,30,15,22.5,"N",25.6268,20.999575,29.8136,0.252601663672952,72.1,69.05,66,6.1,"Mst","#F2FA8C"
"maastrichtian",6,15,0,7.5,"N",14.07036,8.417975,18.573425,0.138690602981151,72.1,69.05,66,6.1,"Mst","#F2FA8C"
"maastrichtian",7,0,-15,-7.5,"S",3.35862,0,7.51784999999999,0.0331056940252099,72.1,69.05,66,6.1,"Mst","#F2FA8C"
"maastrichtian",8,-15,-30,-22.5,"S",6.05218,2,10.83115,0.0596559358502882,72.1,69.05,66,6.1,"Mst","#F2FA8C"
"maastrichtian",9,-30,-45,-37.5,"S",5.17999,1,9.935125,0.0510588170122393,72.1,69.05,66,6.1,"Mst","#F2FA8C"
"maastrichtian",10,-45,-60,-52.5,"S",3.12806,0,6.990575,0.0308330794351543,72.1,69.05,66,6.1,"Mst","#F2FA8C"
"maastrichtian",11,-60,-75,-67.5,"S",NA,NA,NA,NA,72.1,69.05,66,6.1,"Mst","#F2FA8C"
"maastrichtian",12,-75,-90,-82.5,"S",NA,NA,NA,NA,72.1,69.05,66,6.1,"Mst","#F2FA8C"
"messinian",1,90,75,82.5,"N",NA,NA,NA,NA,7.246,6.2895,5.333,1.913,"Mss","#FFFF73"
"messinian",2,75,60,67.5,"N",NA,NA,NA,NA,7.246,6.2895,5.333,1.913,"Mss","#FFFF73"
"messinian",3,60,45,52.5,"N",1.1,0,4,0.0420174166011577,7.246,6.2895,5.333,1.913,"Mss","#FFFF73"
"messinian",4,45,30,37.5,"N",15.54976,9.838425,20.851875,0.593964312698198,7.246,6.2895,5.333,1.913,"Mss","#FFFF73"
"messinian",5,30,15,22.5,"N",2.84991,0,5.999525,0.108859868859823,7.246,6.2895,5.333,1.913,"Mss","#FFFF73"
"messinian",6,15,0,7.5,"N",2.23999,0,5,0.0855623572840248,7.246,6.2895,5.333,1.913,"Mss","#FFFF73"
"messinian",7,0,-15,-7.5,"S",2.24996,0,6,0.0859431878690371,7.246,6.2895,5.333,1.913,"Mss","#FFFF73"
"messinian",8,-15,-30,-22.5,"S",NA,NA,NA,NA,7.246,6.2895,5.333,1.913,"Mss","#FFFF73"
"messinian",9,-30,-45,-37.5,"S",1.09,0,4,0.0416354400866017,7.246,6.2895,5.333,1.913,"Mss","#FFFF73"
"messinian",10,-45,-60,-52.5,"S",NA,NA,NA,NA,7.246,6.2895,5.333,1.913,"Mss","#FFFF73"
"messinian",11,-60,-75,-67.5,"S",1.1,0,3,0.0420174166011577,7.246,6.2895,5.333,1.913,"Mss","#FFFF73"
"messinian",12,-75,-90,-82.5,"S",NA,NA,NA,NA,7.246,6.2895,5.333,1.913,"Mss","#FFFF73"
"norian",1,90,75,82.5,"N",2.90942,0,6.52189999999999,0.0374248379380849,228,218.25,208.5,19.5,"N","#D6AAD3"
"norian",2,75,60,67.5,"N",7.17502,2.475,12.822925,0.0922946706568725,228,218.25,208.5,19.5,"N","#D6AAD3"
"norian",3,60,45,52.5,"N",11.4839,5,16.22125,0.147721228422563,228,218.25,208.5,19.5,"N","#D6AAD3"
"norian",4,45,30,37.5,"N",14.40955,8.388475,20.3015,0.185354838253237,228,218.25,208.5,19.5,"N","#D6AAD3"
"norian",5,30,15,22.5,"N",19.41799,14.190075,23.884725,0.249780069166141,228,218.25,208.5,19.5,"N","#D6AAD3"
"norian",6,15,0,7.5,"N",9.43117,4,14.87235,0.121316279126605,228,218.25,208.5,19.5,"N","#D6AAD3"
"norian",7,0,-15,-7.5,"S",6.89389,2.475,13.8321,0.0886784018852501,228,218.25,208.5,19.5,"N","#D6AAD3"
"norian",8,-15,-30,-22.5,"S",2.93945,1,6.52452499999999,0.0378111238243718,228,218.25,208.5,19.5,"N","#D6AAD3"
"norian",9,-30,-45,-37.5,"S",0.91,0,3,0.0117056329177834,228,218.25,208.5,19.5,"N","#D6AAD3"
"norian",10,-45,-60,-52.5,"S",NA,NA,NA,NA,228,218.25,208.5,19.5,"N","#D6AAD3"
"norian",11,-60,-75,-67.5,"S",1.14996,0,4.52394999999999,0.0147923182748727,228,218.25,208.5,19.5,"N","#D6AAD3"
"norian",12,-75,-90,-82.5,"S",1.02,0,4,0.0131205995342187,228,218.25,208.5,19.5,"N","#D6AAD3"
"olenekian",1,90,75,82.5,"N",1.18,0,4,0.0307851812660171,251.2,249.2,247.2,4,"Ol","#B051A5"
"olenekian",2,75,60,67.5,"N",NA,NA,NA,NA,251.2,249.2,247.2,4,"Ol","#B051A5"
"olenekian",3,60,45,52.5,"N",6.05055,2,11.566475,0.157853625855169,251.2,249.2,247.2,4,"Ol","#B051A5"
"olenekian",4,45,30,37.5,"N",8.93743,4,13.95795,0.233169832713847,251.2,249.2,247.2,4,"Ol","#B051A5"
"olenekian",5,30,15,22.5,"N",2.57964,0,5.99905,0.06730058050938,251.2,249.2,247.2,4,"Ol","#B051A5"
"olenekian",6,15,0,7.5,"N",4.26855,1,6.995575,0.11136278431615,251.2,249.2,247.2,4,"Ol","#B051A5"
"olenekian",7,0,-15,-7.5,"S",6.5459,2,10.821275,0.17077687970273,251.2,249.2,247.2,4,"Ol","#B051A5"
"olenekian",8,-15,-30,-22.5,"S",4.60823,1,7.9911,0.120224742258897,251.2,249.2,247.2,4,"Ol","#B051A5"
"olenekian",9,-30,-45,-37.5,"S",2.21988,0,5,0.057914752702378,251.2,249.2,247.2,4,"Ol","#B051A5"
"olenekian",10,-45,-60,-52.5,"S",NA,NA,NA,NA,251.2,249.2,247.2,4,"Ol","#B051A5"
"olenekian",11,-60,-75,-67.5,"S",NA,NA,NA,NA,251.2,249.2,247.2,4,"Ol","#B051A5"
"olenekian",12,-75,-90,-82.5,"S",1.93995,0,5,0.0506116206754321,251.2,249.2,247.2,4,"Ol","#B051A5"
"oxfordian",1,90,75,82.5,"N",0.1,0,1,0.00159625098109576,163.5,160.4,157.3,6.2,"Ox","#BFE7F1"
"oxfordian",2,75,60,67.5,"N",3.39732,1,7.48687499999999,0.0542297538309625,163.5,160.4,157.3,6.2,"Ox","#BFE7F1"
"oxfordian",3,60,45,52.5,"N",2.17999,0,4.52447499999999,0.0347981117627894,163.5,160.4,157.3,6.2,"Ox","#BFE7F1"
"oxfordian",4,45,30,37.5,"N",16.04007,10.377125,20.846675,0.256039774743447,163.5,160.4,157.3,6.2,"Ox","#BFE7F1"
"oxfordian",5,30,15,22.5,"N",13.21796,6.973125,17.884375,0.210991816180845,163.5,160.4,157.3,6.2,"Ox","#BFE7F1"
"oxfordian",6,15,0,7.5,"N",4.70585,1,8.966925,0.0751171767938948,163.5,160.4,157.3,6.2,"Ox","#BFE7F1"
"oxfordian",7,0,-15,-7.5,"S",7.28397,3,11.531425,0.116270442587721,163.5,160.4,157.3,6.2,"Ox","#BFE7F1"
"oxfordian",8,-15,-30,-22.5,"S",10.19463,5.461225,15.29485,0.162731881394083,163.5,160.4,157.3,6.2,"Ox","#BFE7F1"
"oxfordian",9,-30,-45,-37.5,"S",5.487,1.475,9.94137499999998,0.0875862913327243,163.5,160.4,157.3,6.2,"Ox","#BFE7F1"
"oxfordian",10,-45,-60,-52.5,"S",NA,NA,NA,NA,163.5,160.4,157.3,6.2,"Ox","#BFE7F1"
"oxfordian",11,-60,-75,-67.5,"S",NA,NA,NA,NA,163.5,160.4,157.3,6.2,"Ox","#BFE7F1"
"oxfordian",12,-75,-90,-82.5,"S",0.04,0,1,0.000638500392438304,163.5,160.4,157.3,6.2,"Ox","#BFE7F1"
"piacenzian",1,90,75,82.5,"N",NA,NA,NA,NA,3.6,3.094,2.588,1.012,"Pc","#FFFFBF"
"piacenzian",2,75,60,67.5,"N",0.98999,0,3,0.0182007946657528,3.6,3.094,2.588,1.012,"Pc","#FFFFBF"
"piacenzian",3,60,45,52.5,"N",5.26149,2,9.9264,0.0967315822643782,3.6,3.094,2.588,1.012,"Pc","#FFFFBF"
"piacenzian",4,45,30,37.5,"N",20.8216,14.605175,25.0913,0.382801509320739,3.6,3.094,2.588,1.012,"Pc","#FFFFBF"
"piacenzian",5,30,15,22.5,"N",8.12189,3,13.162175,0.149319540791151,3.6,3.094,2.588,1.012,"Pc","#FFFFBF"
"piacenzian",6,15,0,7.5,"N",4.57654,2,7.985575,0.0841388951601576,3.6,3.094,2.588,1.012,"Pc","#FFFFBF"
"piacenzian",7,0,-15,-7.5,"S",6.94962,3,12.158225,0.127767559899604,3.6,3.094,2.588,1.012,"Pc","#FFFFBF"
"piacenzian",8,-15,-30,-22.5,"S",NA,NA,NA,NA,3.6,3.094,2.588,1.012,"Pc","#FFFFBF"
"piacenzian",9,-30,-45,-37.5,"S",7.67155,3.998475,13.07745,0.141040117898217,3.6,3.094,2.588,1.012,"Pc","#FFFFBF"
"piacenzian",10,-45,-60,-52.5,"S",NA,NA,NA,NA,3.6,3.094,2.588,1.012,"Pc","#FFFFBF"
"piacenzian",11,-60,-75,-67.5,"S",NA,NA,NA,NA,3.6,3.094,2.588,1.012,"Pc","#FFFFBF"
"piacenzian",12,-75,-90,-82.5,"S",NA,NA,NA,NA,3.6,3.094,2.588,1.012,"Pc","#FFFFBF"
"pliensbachian",1,90,75,82.5,"N",0.6,0,2,0.00696142419600772,190.8,186.75,182.7,8.1,"Pl","#80C5DD"
"pliensbachian",2,75,60,67.5,"N",5.55645,2,9.90165,0.0644680091231784,190.8,186.75,182.7,8.1,"Pl","#80C5DD"
"pliensbachian",3,60,45,52.5,"N",12.98758,7.9799,18.162125,0.15068675609931,190.8,186.75,182.7,8.1,"Pl","#80C5DD"
"pliensbachian",4,45,30,37.5,"N",31.61381,28.072525,34.569425,0.366795236436651,190.8,186.75,182.7,8.1,"Pl","#80C5DD"
"pliensbachian",5,30,15,22.5,"N",23.57915,19.46435,28.1408,0.273574108885492,190.8,186.75,182.7,8.1,"Pl","#80C5DD"
"pliensbachian",6,15,0,7.5,"N",0.3,0,1.52499999999999,0.00348071209800386,190.8,186.75,182.7,8.1,"Pl","#80C5DD"
"pliensbachian",7,0,-15,-7.5,"S",NA,NA,NA,NA,190.8,186.75,182.7,8.1,"Pl","#80C5DD"
"pliensbachian",8,-15,-30,-22.5,"S",4.80114,1,10.40555,0.0557046202740341,190.8,186.75,182.7,8.1,"Pl","#80C5DD"
"pliensbachian",9,-30,-45,-37.5,"S",4.57116,2,8.89725,0.0530363063797044,190.8,186.75,182.7,8.1,"Pl","#80C5DD"
"pliensbachian",10,-45,-60,-52.5,"S",0.37,0,1.52499999999999,0.00429287825420476,190.8,186.75,182.7,8.1,"Pl","#80C5DD"
"pliensbachian",11,-60,-75,-67.5,"S",1.80997,0,4.52499999999999,0.0209999482534135,190.8,186.75,182.7,8.1,"Pl","#80C5DD"
"pliensbachian",12,-75,-90,-82.5,"S",NA,NA,NA,NA,190.8,186.75,182.7,8.1,"Pl","#80C5DD"
"priabonian",1,90,75,82.5,"N",NA,NA,NA,NA,38,35.95,33.9,4.1,"Prb","#FDCDA1"
"priabonian",2,75,60,67.5,"N",NA,NA,NA,NA,38,35.95,33.9,4.1,"Prb","#FDCDA1"
"priabonian",3,60,45,52.5,"N",12.88303,6.470675,17.656375,0.184352471144462,38,35.95,33.9,4.1,"Prb","#FDCDA1"
"priabonian",4,45,30,37.5,"N",28.19076,23.5978,31.28005,0.403401705145487,38,35.95,33.9,4.1,"Prb","#FDCDA1"
"priabonian",5,30,15,22.5,"N",8.48857,3,13.0576,0.121469006591054,38,35.95,33.9,4.1,"Prb","#FDCDA1"
"priabonian",6,15,0,7.5,"N",4.78244,1,8.46642499999999,0.0684353472824423,38,35.95,33.9,4.1,"Prb","#FDCDA1"
"priabonian",7,0,-15,-7.5,"S",1.25999,0,4,0.0180300961898956,38,35.95,33.9,4.1,"Prb","#FDCDA1"
"priabonian",8,-15,-30,-22.5,"S",NA,NA,NA,NA,38,35.95,33.9,4.1,"Prb","#FDCDA1"
"priabonian",9,-30,-45,-37.5,"S",1.03,0,3.52499999999999,0.0147390051314633,38,35.95,33.9,4.1,"Prb","#FDCDA1"
"priabonian",10,-45,-60,-52.5,"S",12.79781,6.96785,18.26165,0.183132997341255,38,35.95,33.9,4.1,"Prb","#FDCDA1"
"priabonian",11,-60,-75,-67.5,"S",0.45,0,2,0.00643937117394029,38,35.95,33.9,4.1,"Prb","#FDCDA1"
"priabonian",12,-75,-90,-82.5,"S",NA,NA,NA,NA,38,35.95,33.9,4.1,"Prb","#FDCDA1"
"rhaetian",1,90,75,82.5,"N",0.06,0,1,0.00106542357778826,208.5,204.9,201.3,7.2,"Rht","#E3B9DB"
"rhaetian",2,75,60,67.5,"N",5.30822,1,9.8077,0.0942583790681202,208.5,204.9,201.3,7.2,"Rht","#E3B9DB"
"rhaetian",3,60,45,52.5,"N",0.93,0,3,0.0165140654557181,208.5,204.9,201.3,7.2,"Rht","#E3B9DB"
"rhaetian",4,45,30,37.5,"N",23.11965,17.841,27.0413,0.410537003670207,208.5,204.9,201.3,7.2,"Rht","#E3B9DB"
"rhaetian",5,30,15,22.5,"N",19.11927,13.676925,25.22,0.33950201746833,208.5,204.9,201.3,7.2,"Rht","#E3B9DB"
"rhaetian",6,15,0,7.5,"N",3.52932,1,6.998,0.0626703456926612,208.5,204.9,201.3,7.2,"Rht","#E3B9DB"
"rhaetian",7,0,-15,-7.5,"S",NA,NA,NA,NA,208.5,204.9,201.3,7.2,"Rht","#E3B9DB"
"rhaetian",8,-15,-30,-22.5,"S",3.31917,0,5.999525,0.0589386996114578,208.5,204.9,201.3,7.2,"Rht","#E3B9DB"
"rhaetian",9,-30,-45,-37.5,"S",NA,NA,NA,NA,208.5,204.9,201.3,7.2,"Rht","#E3B9DB"
"rhaetian",10,-45,-60,-52.5,"S",NA,NA,NA,NA,208.5,204.9,201.3,7.2,"Rht","#E3B9DB"
"rhaetian",11,-60,-75,-67.5,"S",0.93,0,3,0.0165140654557181,208.5,204.9,201.3,7.2,"Rht","#E3B9DB"
"rhaetian",12,-75,-90,-82.5,"S",NA,NA,NA,NA,208.5,204.9,201.3,7.2,"Rht","#E3B9DB"
"roadian",1,90,75,82.5,"N",1.63998,0,4.52499999999999,0.0169923469266168,272.3,270.55,268.8,3.5,"Rd","#FB8069"
"roadian",2,75,60,67.5,"N",0.88,0,3,0.00911795588691497,272.3,270.55,268.8,3.5,"Rd","#FB8069"
"roadian",3,60,45,52.5,"N",2.6497,0,6.52184999999999,0.0274543724017711,272.3,270.55,268.8,3.5,"Rd","#FB8069"
"roadian",4,45,30,37.5,"N",23.20715,18.4906,27.182175,0.240456556773885,272.3,270.55,268.8,3.5,"Rd","#FB8069"
"roadian",5,30,15,22.5,"N",10.96305,4.99595,16.159675,0.113591598052322,272.3,270.55,268.8,3.5,"Rd","#FB8069"
"roadian",6,15,0,7.5,"N",9.13015,4,14.68945,0.094600346523769,272.3,270.55,268.8,3.5,"Rd","#FB8069"
"roadian",7,0,-15,-7.5,"S",11.76849,5.4598,17.318325,0.121937014404091,272.3,270.55,268.8,3.5,"Rd","#FB8069"
"roadian",8,-15,-30,-22.5,"S",13.94539,7.95985,21.158775,0.144492557779347,272.3,270.55,268.8,3.5,"Rd","#FB8069"
"roadian",9,-30,-45,-37.5,"S",10.95021,4.9979,16.2921,0.113458558786881,272.3,270.55,268.8,3.5,"Rd","#FB8069"
"roadian",10,-45,-60,-52.5,"S",1.29,0,4,0.0133660944251367,272.3,270.55,268.8,3.5,"Rd","#FB8069"
"roadian",11,-60,-75,-67.5,"S",8.30915,3.999,14.09305,0.0860937081338176,272.3,270.55,268.8,3.5,"Rd","#FB8069"
"roadian",12,-75,-90,-82.5,"S",1.77959,0,5.50924999999999,0.0184388899054489,272.3,270.55,268.8,3.5,"Rd","#FB8069"
"rupelian",1,90,75,82.5,"N",NA,NA,NA,NA,33.9,31,28.1,5.8,"Rp","#FED99A"
"rupelian",2,75,60,67.5,"N",0.65,0,2,0.0112683557180664,33.9,31,28.1,5.8,"Rp","#FED99A"
"rupelian",3,60,45,52.5,"N",13.63763,8.919325,18.933275,0.236421024602114,33.9,31,28.1,5.8,"Rp","#FED99A"
"rupelian",4,45,30,37.5,"N",26.30474,22.15495,30.534525,0.456017180601924,33.9,31,28.1,5.8,"Rp","#FED99A"
"rupelian",5,30,15,22.5,"N",9.00373,3.475,14.039275,0.156088049891425,33.9,31,28.1,5.8,"Rp","#FED99A"
"rupelian",6,15,0,7.5,"N",3.42883,1,6.994525,0.0594419632873504,33.9,31,28.1,5.8,"Rp","#FED99A"
"rupelian",7,0,-15,-7.5,"S",0.55,0,3,0.0095347625306716,33.9,31,28.1,5.8,"Rp","#FED99A"
"rupelian",8,-15,-30,-22.5,"S",NA,NA,NA,NA,33.9,31,28.1,5.8,"Rp","#FED99A"
"rupelian",9,-30,-45,-37.5,"S",0.33,0,2,0.00572085751840296,33.9,31,28.1,5.8,"Rp","#FED99A"
"rupelian",10,-45,-60,-52.5,"S",3.77873,1,7.50672499999999,0.0655078058500449,33.9,31,28.1,5.8,"Rp","#FED99A"
"rupelian",11,-60,-75,-67.5,"S",NA,NA,NA,NA,33.9,31,28.1,5.8,"Rp","#FED99A"
"rupelian",12,-75,-90,-82.5,"S",NA,NA,NA,NA,33.9,31,28.1,5.8,"Rp","#FED99A"
"sakmarian",1,90,75,82.5,"N",NA,NA,NA,NA,295.5,292.8,290.1,5.4,"Sk","#E36F5C"
"sakmarian",2,75,60,67.5,"N",3.78743,1,6.996525,0.0561513848558806,295.5,292.8,290.1,5.4,"Sk","#E36F5C"
"sakmarian",3,60,45,52.5,"N",0.73,0,3,0.0108227771720647,295.5,292.8,290.1,5.4,"Sk","#E36F5C"
"sakmarian",4,45,30,37.5,"N",14.73127,9.857525,19.8697,0.218401715988385,295.5,292.8,290.1,5.4,"Sk","#E36F5C"
"sakmarian",5,30,15,22.5,"N",7.22294,3.4693,13.038225,0.107085301571497,295.5,292.8,290.1,5.4,"Sk","#E36F5C"
"sakmarian",6,15,0,7.5,"N",7.4998,3,12.4374,0.111189951006919,295.5,292.8,290.1,5.4,"Sk","#E36F5C"
"sakmarian",7,0,-15,-7.5,"S",5.78728,2,10.408325,0.0858006053045841,295.5,292.8,290.1,5.4,"Sk","#E36F5C"
"sakmarian",8,-15,-30,-22.5,"S",4.07711,1,7.987525,0.0604461000493104,295.5,292.8,290.1,5.4,"Sk","#E36F5C"
"sakmarian",9,-30,-45,-37.5,"S",9.27156,4.475,14.08965,0.137457572489627,295.5,292.8,290.1,5.4,"Sk","#E36F5C"
"sakmarian",10,-45,-60,-52.5,"S",13.37295,8.9149,18.208475,0.198263641072825,295.5,292.8,290.1,5.4,"Sk","#E36F5C"
"sakmarian",11,-60,-75,-67.5,"S",0.97,0,3,0.0143809504889078,295.5,292.8,290.1,5.4,"Sk","#E36F5C"
"sakmarian",12,-75,-90,-82.5,"S",NA,NA,NA,NA,295.5,292.8,290.1,5.4,"Sk","#E36F5C"
"santonian",1,90,75,82.5,"N",NA,NA,NA,NA,86.3,84.95,83.6,2.7,"Snt","#D9EF74"
"santonian",2,75,60,67.5,"N",0.57,0,2,0.0129255247139434,86.3,84.95,83.6,2.7,"Snt","#D9EF74"
"santonian",3,60,45,52.5,"N",9.05313,4.474475,14.405875,0.205292027286916,86.3,84.95,83.6,2.7,"Snt","#D9EF74"
"santonian",4,45,30,37.5,"N",22.56782,17.638,27.0737,0.511755991490923,86.3,84.95,83.6,2.7,"Snt","#D9EF74"
"santonian",5,30,15,22.5,"N",8.28787,3.475,14.23315,0.187938716685877,86.3,84.95,83.6,2.7,"Snt","#D9EF74"
"santonian",6,15,0,7.5,"N",1.88997,0,5,0.0428576384975642,86.3,84.95,83.6,2.7,"Snt","#D9EF74"
"santonian",7,0,-15,-7.5,"S",0.71,0,2,0.0161002149945611,86.3,84.95,83.6,2.7,"Snt","#D9EF74"
"santonian",8,-15,-30,-22.5,"S",NA,NA,NA,NA,86.3,84.95,83.6,2.7,"Snt","#D9EF74"
"santonian",9,-30,-45,-37.5,"S",NA,NA,NA,NA,86.3,84.95,83.6,2.7,"Snt","#D9EF74"
"santonian",10,-45,-60,-52.5,"S",1.02,0,3,0.0231298863302145,86.3,84.95,83.6,2.7,"Snt","#D9EF74"
"santonian",11,-60,-75,-67.5,"S",NA,NA,NA,NA,86.3,84.95,83.6,2.7,"Snt","#D9EF74"
"santonian",12,-75,-90,-82.5,"S",NA,NA,NA,NA,86.3,84.95,83.6,2.7,"Snt","#D9EF74"
"selandian",1,90,75,82.5,"N",NA,NA,NA,NA,61.6,60.4,59.2,2.4,"Sl","#FEBF65"
"selandian",2,75,60,67.5,"N",0.3,0,2,0.0304709900938811,61.6,60.4,59.2,2.4,"Sl","#FEBF65"
"selandian",3,60,45,52.5,"N",NA,NA,NA,NA,61.6,60.4,59.2,2.4,"Sl","#FEBF65"
"selandian",4,45,30,37.5,"N",6.74543,3,11.7567,0.685133102363228,61.6,60.4,59.2,2.4,"Sl","#FEBF65"
"selandian",5,30,15,22.5,"N",1.02,0,4,0.103601366319196,61.6,60.4,59.2,2.4,"Sl","#FEBF65"
"selandian",6,15,0,7.5,"N",0.56,0,2.52499999999999,0.0568791815085781,61.6,60.4,59.2,2.4,"Sl","#FEBF65"
"selandian",7,0,-15,-7.5,"S",NA,NA,NA,NA,61.6,60.4,59.2,2.4,"Sl","#FEBF65"
"selandian",8,-15,-30,-22.5,"S",0.16,0,1,0.0162511947167366,61.6,60.4,59.2,2.4,"Sl","#FEBF65"
"selandian",9,-30,-45,-37.5,"S",NA,NA,NA,NA,61.6,60.4,59.2,2.4,"Sl","#FEBF65"
"selandian",10,-45,-60,-52.5,"S",1.06,0,3,0.10766416499838,61.6,60.4,59.2,2.4,"Sl","#FEBF65"
"selandian",11,-60,-75,-67.5,"S",NA,NA,NA,NA,61.6,60.4,59.2,2.4,"Sl","#FEBF65"
"selandian",12,-75,-90,-82.5,"S",NA,NA,NA,NA,61.6,60.4,59.2,2.4,"Sl","#FEBF65"
"serravallian",1,90,75,82.5,"N",NA,NA,NA,NA,13.82,12.72,11.62,2.2,"Srr","#FFFF59"
"serravallian",2,75,60,67.5,"N",NA,NA,NA,NA,13.82,12.72,11.62,2.2,"Srr","#FFFF59"
"serravallian",3,60,45,52.5,"N",8.41936,3.475,15.059825,0.173631030759982,13.82,12.72,11.62,2.2,"Srr","#FFFF59"
"serravallian",4,45,30,37.5,"N",24.09106,18.371325,27.8783,0.496825837106452,13.82,12.72,11.62,2.2,"Srr","#FFFF59"
"serravallian",5,30,15,22.5,"N",1.96,0,5,0.0404207469795287,13.82,12.72,11.62,2.2,"Srr","#FFFF59"
"serravallian",6,15,0,7.5,"N",5.94431,2.475,10.74325,0.122588495141777,13.82,12.72,11.62,2.2,"Srr","#FFFF59"
"serravallian",7,0,-15,-7.5,"S",4.21677,1,8.49652499999999,0.0869617312453405,13.82,12.72,11.62,2.2,"Srr","#FFFF59"
"serravallian",8,-15,-30,-22.5,"S",NA,NA,NA,NA,13.82,12.72,11.62,2.2,"Srr","#FFFF59"
"serravallian",9,-30,-45,-37.5,"S",3.85845,1,7.98525,0.0795721587669197,13.82,12.72,11.62,2.2,"Srr","#FFFF59"
"serravallian",10,-45,-60,-52.5,"S",NA,NA,NA,NA,13.82,12.72,11.62,2.2,"Srr","#FFFF59"
"serravallian",11,-60,-75,-67.5,"S",NA,NA,NA,NA,13.82,12.72,11.62,2.2,"Srr","#FFFF59"
"serravallian",12,-75,-90,-82.5,"S",NA,NA,NA,NA,13.82,12.72,11.62,2.2,"Srr","#FFFF59"
"sinemurian",1,90,75,82.5,"N",0.07,0,1,0.00127310966857682,199.3,195.05,190.8,8.5,"Snm","#67BCD8"
"sinemurian",2,75,60,67.5,"N",1.17,0,3,0.0212791187462125,199.3,195.05,190.8,8.5,"Snm","#67BCD8"
"sinemurian",3,60,45,52.5,"N",5.95548,3,11.777175,0.108313988128798,199.3,195.05,190.8,8.5,"Snm","#67BCD8"
"sinemurian",4,45,30,37.5,"N",24.2908,18.661975,28.0941,0.441783604820939,199.3,195.05,190.8,8.5,"Snm","#67BCD8"
"sinemurian",5,30,15,22.5,"N",17.52722,10.870375,22.374025,0.318772474932471,199.3,195.05,190.8,8.5,"Snm","#67BCD8"
"sinemurian",6,15,0,7.5,"N",0.95,0,3,0.0172779169306854,199.3,195.05,190.8,8.5,"Snm","#67BCD8"
"sinemurian",7,0,-15,-7.5,"S",NA,NA,NA,NA,199.3,195.05,190.8,8.5,"Snm","#67BCD8"
"sinemurian",8,-15,-30,-22.5,"S",1.66999,0,4,0.0303725773632371,199.3,195.05,190.8,8.5,"Snm","#67BCD8"
"sinemurian",9,-30,-45,-37.5,"S",1.69,0,4,0.0307365048556403,199.3,195.05,190.8,8.5,"Snm","#67BCD8"
"sinemurian",10,-45,-60,-52.5,"S",NA,NA,NA,NA,199.3,195.05,190.8,8.5,"Snm","#67BCD8"
"sinemurian",11,-60,-75,-67.5,"S",1.65999,0,4,0.0301907045534404,199.3,195.05,190.8,8.5,"Snm","#67BCD8"
"sinemurian",12,-75,-90,-82.5,"S",NA,NA,NA,NA,199.3,195.05,190.8,8.5,"Snm","#67BCD8"
"thanetian",1,90,75,82.5,"N",NA,NA,NA,NA,59.2,57.6,56,3.2,"Th","#FDBF6F"
"thanetian",2,75,60,67.5,"N",NA,NA,NA,NA,59.2,57.6,56,3.2,"Th","#FDBF6F"
"thanetian",3,60,45,52.5,"N",NA,NA,NA,NA,59.2,57.6,56,3.2,"Th","#FDBF6F"
"thanetian",4,45,30,37.5,"N",13.39525,8.399925,18.199925,0.488364597927944,59.2,57.6,56,3.2,"Th","#FDBF6F"
"thanetian",5,30,15,22.5,"N",7.66421,3,12.5532,0.279422096271837,59.2,57.6,56,3.2,"Th","#FDBF6F"
"thanetian",6,15,0,7.5,"N",1.9599,0,5.52499999999999,0.0714541180999964,59.2,57.6,56,3.2,"Th","#FDBF6F"
"thanetian",7,0,-15,-7.5,"S",3.49943,1,7.99115,0.127582368744666,59.2,57.6,56,3.2,"Th","#FDBF6F"
"thanetian",8,-15,-30,-22.5,"S",0.78,0,3,0.0284372733904777,59.2,57.6,56,3.2,"Th","#FDBF6F"
"thanetian",9,-30,-45,-37.5,"S",0.13,0,1,0.00473954556507961,59.2,57.6,56,3.2,"Th","#FDBF6F"
"thanetian",10,-45,-60,-52.5,"S",NA,NA,NA,NA,59.2,57.6,56,3.2,"Th","#FDBF6F"
"thanetian",11,-60,-75,-67.5,"S",NA,NA,NA,NA,59.2,57.6,56,3.2,"Th","#FDBF6F"
"thanetian",12,-75,-90,-82.5,"S",NA,NA,NA,NA,59.2,57.6,56,3.2,"Th","#FDBF6F"
"tithonian",1,90,75,82.5,"N",1.77,0,4,0.0205460012780309,152.1,148.55,145,7.1,"Tt","#D9F1F7"
"tithonian",2,75,60,67.5,"N",8.0355,4,13.034575,0.0932753634291624,152.1,148.55,145,7.1,"Tt","#D9F1F7"
"tithonian",3,60,45,52.5,"N",13.95483,6.987925,20.84225,0.161986415262545,152.1,148.55,145,7.1,"Tt","#D9F1F7"
"tithonian",4,45,30,37.5,"N",24.13605,19.29725,28.375975,0.280169104037638,152.1,148.55,145,7.1,"Tt","#D9F1F7"
"tithonian",5,30,15,22.5,"N",16.41488,11.078875,21.129875,0.190542455061426,152.1,148.55,145,7.1,"Tt","#D9F1F7"
"tithonian",6,15,0,7.5,"N",7.86025,3.475,11.97125,0.0912410771444308,152.1,148.55,145,7.1,"Tt","#D9F1F7"
"tithonian",7,0,-15,-7.5,"S",1.34,0,4.52499999999999,0.0155545998376053,152.1,148.55,145,7.1,"Tt","#D9F1F7"
"tithonian",8,-15,-30,-22.5,"S",2.51958,0,6.04317499999998,0.0292470587006221,152.1,148.55,145,7.1,"Tt","#D9F1F7"
"tithonian",9,-30,-45,-37.5,"S",2.98984,0,6,0.0347057946107955,152.1,148.55,145,7.1,"Tt","#D9F1F7"
"tithonian",10,-45,-60,-52.5,"S",1.72992,0,4.52447499999999,0.020080756232142,152.1,148.55,145,7.1,"Tt","#D9F1F7"
"tithonian",11,-60,-75,-67.5,"S",5.2973,1,10.35295,0.0614905833729453,152.1,148.55,145,7.1,"Tt","#D9F1F7"
"tithonian",12,-75,-90,-82.5,"S",0.1,0,1,0.00116079103265711,152.1,148.55,145,7.1,"Tt","#D9F1F7"
"toarcian",1,90,75,82.5,"N",0.04,0,1,0.000596621333389018,182.7,178.4,174.1,8.6,"Trc","#99CEE3"
"toarcian",2,75,60,67.5,"N",6.04829,1,10.810375,0.0902134711130866,182.7,178.4,174.1,8.6,"Trc","#99CEE3"
"toarcian",3,60,45,52.5,"N",4.35693,1,7.9911,0.0649859346520654,182.7,178.4,174.1,8.6,"Trc","#99CEE3"
"toarcian",4,45,30,37.5,"N",27.28102,22.9416,30.052025,0.406910963215312,182.7,178.4,174.1,8.6,"Trc","#99CEE3"
"toarcian",5,30,15,22.5,"N",21.29985,15.794575,25.82425,0.317698622699652,182.7,178.4,174.1,8.6,"Trc","#99CEE3"
"toarcian",6,15,0,7.5,"N",NA,NA,NA,NA,182.7,178.4,174.1,8.6,"Trc","#99CEE3"
"toarcian",7,0,-15,-7.5,"S",NA,NA,NA,NA,182.7,178.4,174.1,8.6,"Trc","#99CEE3"
"toarcian",8,-15,-30,-22.5,"S",3.12951,0.475,5.999525,0.0466783107263566,182.7,178.4,174.1,8.6,"Trc","#99CEE3"
"toarcian",9,-30,-45,-37.5,"S",3.06869,0.475,5.99805,0.0457711479889386,182.7,178.4,174.1,8.6,"Trc","#99CEE3"
"toarcian",10,-45,-60,-52.5,"S",NA,NA,NA,NA,182.7,178.4,174.1,8.6,"Trc","#99CEE3"
"toarcian",11,-60,-75,-67.5,"S",1.26991,0,4,0.0189413849371012,182.7,178.4,174.1,8.6,"Trc","#99CEE3"
"toarcian",12,-75,-90,-82.5,"S",0.55,0,2,0.008203543334099,182.7,178.4,174.1,8.6,"Trc","#99CEE3"
"tortonian",1,90,75,82.5,"N",NA,NA,NA,NA,11.62,9.433,7.246,4.374,"Trt","#FFFF66"
"tortonian",2,75,60,67.5,"N",NA,NA,NA,NA,11.62,9.433,7.246,4.374,"Trt","#FFFF66"
"tortonian",3,60,45,52.5,"N",8.32347,2.475,13.83415,0.155550908416094,11.62,9.433,7.246,4.374,"Trt","#FFFF66"
"tortonian",4,45,30,37.5,"N",23.58734,18.702475,27.949925,0.440805597199158,11.62,9.433,7.246,4.374,"Trt","#FFFF66"
"tortonian",5,30,15,22.5,"N",4.96982,2,10.4334,0.092877131252287,11.62,9.433,7.246,4.374,"Trt","#FFFF66"
"tortonian",6,15,0,7.5,"N",2.97932,0.475,5.999525,0.0556782126279349,11.62,9.433,7.246,4.374,"Trt","#FFFF66"
"tortonian",7,0,-15,-7.5,"S",1.86998,0,4.52499999999999,0.0349466133379381,11.62,9.433,7.246,4.374,"Trt","#FFFF66"
"tortonian",8,-15,-30,-22.5,"S",2.48984,0,6,0.046530698592141,11.62,9.433,7.246,4.374,"Trt","#FFFF66"
"tortonian",9,-30,-45,-37.5,"S",9.28985,4.47405,15.20135,0.173610838574447,11.62,9.433,7.246,4.374,"Trt","#FFFF66"
"tortonian",10,-45,-60,-52.5,"S",NA,NA,NA,NA,11.62,9.433,7.246,4.374,"Trt","#FFFF66"
"tortonian",11,-60,-75,-67.5,"S",NA,NA,NA,NA,11.62,9.433,7.246,4.374,"Trt","#FFFF66"
"tortonian",12,-75,-90,-82.5,"S",NA,NA,NA,NA,11.62,9.433,7.246,4.374,"Trt","#FFFF66"
"turonian",1,90,75,82.5,"N",0.34,0,2,0.00533313841235293,93.9,91.85,89.8,4.1,"Trnn","#BFE35D"
"turonian",2,75,60,67.5,"N",1.66999,0,4.999525,0.0261949641683684,93.9,91.85,89.8,4.1,"Trnn","#BFE35D"
"turonian",3,60,45,52.5,"N",21.31924,16.459325,25.61845,0.334407228724033,93.9,91.85,89.8,4.1,"Trnn","#BFE35D"
"turonian",4,45,30,37.5,"N",25.05893,20.0941,29.793425,0.393066888692539,93.9,91.85,89.8,4.1,"Trnn","#BFE35D"
"turonian",5,30,15,22.5,"N",9.42579,5,14.763525,0.147850125634624,93.9,91.85,89.8,4.1,"Trnn","#BFE35D"
"turonian",6,15,0,7.5,"N",2.88842,0,6.50662499999999,0.0453068930970837,93.9,91.85,89.8,4.1,"Trnn","#BFE35D"
"turonian",7,0,-15,-7.5,"S",2.11996,0,4.998,0.0332530591430933,93.9,91.85,89.8,4.1,"Trnn","#BFE35D"
"turonian",8,-15,-30,-22.5,"S",0.32,0,2,0.00501942438809687,93.9,91.85,89.8,4.1,"Trnn","#BFE35D"
"turonian",9,-30,-45,-37.5,"S",NA,NA,NA,NA,93.9,91.85,89.8,4.1,"Trnn","#BFE35D"
"turonian",10,-45,-60,-52.5,"S",0.41,0,2,0.00643113749724912,93.9,91.85,89.8,4.1,"Trnn","#BFE35D"
"turonian",11,-60,-75,-67.5,"S",NA,NA,NA,NA,93.9,91.85,89.8,4.1,"Trnn","#BFE35D"
"turonian",12,-75,-90,-82.5,"S",0.2,0,1,0.00313714024256055,93.9,91.85,89.8,4.1,"Trnn","#BFE35D"
"valanginian",1,90,75,82.5,"N",3.8453,1,8.9601,0.0784037627607716,139.8,136.35,132.9,6.9,"Vl","#99D36A"
"valanginian",2,75,60,67.5,"N",11.01384,5,17.98315,0.224566743412763,139.8,136.35,132.9,6.9,"Vl","#99D36A"
"valanginian",3,60,45,52.5,"N",6.33074,1,10.87135,0.129080653540719,139.8,136.35,132.9,6.9,"Vl","#99D36A"
"valanginian",4,45,30,37.5,"N",9.53908,5,15.35025,0.194497117331813,139.8,136.35,132.9,6.9,"Vl","#99D36A"
"valanginian",5,30,15,22.5,"N",11.59647,6.4626,17.759275,0.236446280587316,139.8,136.35,132.9,6.9,"Vl","#99D36A"
"valanginian",6,15,0,7.5,"N",3.16941,0,7.51412499999999,0.0646227003697025,139.8,136.35,132.9,6.9,"Vl","#99D36A"
"valanginian",7,0,-15,-7.5,"S",1.6,0,5,0.0326232076605816,139.8,136.35,132.9,6.9,"Vl","#99D36A"
"valanginian",8,-15,-30,-22.5,"S",0.4,0,2,0.00815580191514541,139.8,136.35,132.9,6.9,"Vl","#99D36A"
"valanginian",9,-30,-45,-37.5,"S",1.55,0,4,0.0316037324211884,139.8,136.35,132.9,6.9,"Vl","#99D36A"
"valanginian",10,-45,-60,-52.5,"S",NA,NA,NA,NA,139.8,136.35,132.9,6.9,"Vl","#99D36A"
"valanginian",11,-60,-75,-67.5,"S",NA,NA,NA,NA,139.8,136.35,132.9,6.9,"Vl","#99D36A"
"valanginian",12,-75,-90,-82.5,"S",NA,NA,NA,NA,139.8,136.35,132.9,6.9,"Vl","#99D36A"
"wordian",1,90,75,82.5,"N",5.39724,1.475,9.92755,0.0565137380285362,268.8,266.95,265.1,3.7,"Wr","#FB8D76"
"wordian",2,75,60,67.5,"N",0.83999,0,3,0.00879541669567967,268.8,266.95,265.1,3.7,"Wr","#FB8D76"
"wordian",3,60,45,52.5,"N",2.31997,0,5,0.0242920783241181,268.8,266.95,265.1,3.7,"Wr","#FB8D76"
"wordian",4,45,30,37.5,"N",14.06098,8.434125,19.90715,0.147230536374978,268.8,266.95,265.1,3.7,"Wr","#FB8D76"
"wordian",5,30,15,22.5,"N",8.20701,4,13.4798,0.0859344430000476,268.8,266.95,265.1,3.7,"Wr","#FB8D76"
"wordian",6,15,0,7.5,"N",6.89745,3,12.201175,0.0722222251307941,268.8,266.95,265.1,3.7,"Wr","#FB8D76"
"wordian",7,0,-15,-7.5,"S",17.38338,11.43685,22.265825,0.18201891770062,268.8,266.95,265.1,3.7,"Wr","#FB8D76"
"wordian",8,-15,-30,-22.5,"S",14.61967,8.946875,19.957525,0.15308050048611,268.8,266.95,265.1,3.7,"Wr","#FB8D76"
"wordian",9,-30,-45,-37.5,"S",11.42306,5.99395,17.882775,0.119609248490757,268.8,266.95,265.1,3.7,"Wr","#FB8D76"
"wordian",10,-45,-60,-52.5,"S",3.74863,1,6.997525,0.039251375478191,268.8,266.95,265.1,3.7,"Wr","#FB8D76"
"wordian",11,-60,-75,-67.5,"S",6.10537,2,10.8183,0.0639284672809221,268.8,266.95,265.1,3.7,"Wr","#FB8D76"
"wordian",12,-75,-90,-82.5,"S",4.5004,1,7.9911,0.0471230530092463,268.8,266.95,265.1,3.7,"Wr","#FB8D76"
"wuchiapingian",1,90,75,82.5,"N",1.81996,0,5.999525,0.0223210666564625,259.9,257.035,254.17,5.73,"Wc","#FCB4A2"
"wuchiapingian",2,75,60,67.5,"N",0.48,0,2,0.00588700410728918,259.9,257.035,254.17,5.73,"Wc","#FCB4A2"
"wuchiapingian",3,60,45,52.5,"N",10.92275,4.999475,16.12465,0.133963071068527,259.9,257.035,254.17,5.73,"Wc","#FCB4A2"
"wuchiapingian",4,45,30,37.5,"N",8.23719,3,13.43115,0.101025773671919,259.9,257.035,254.17,5.73,"Wc","#FCB4A2"
"wuchiapingian",5,30,15,22.5,"N",16.59007,11.41435,22.0203,0.203470437979615,259.9,257.035,254.17,5.73,"Wc","#FCB4A2"
"wuchiapingian",6,15,0,7.5,"N",5.12596,1,9.38362499999999,0.0628678074454167,259.9,257.035,254.17,5.73,"Wc","#FCB4A2"
"wuchiapingian",7,0,-15,-7.5,"S",14.56334,8.8571,19.915,0.178613421658018,259.9,257.035,254.17,5.73,"Wc","#FCB4A2"
"wuchiapingian",8,-15,-30,-22.5,"S",12.36643,7.876025,17.048825,0.15166921708855,259.9,257.035,254.17,5.73,"Wc","#FCB4A2"
"wuchiapingian",9,-30,-45,-37.5,"S",5.7808,2,9.9221,0.070899152798786,259.9,257.035,254.17,5.73,"Wc","#FCB4A2"
"wuchiapingian",10,-45,-60,-52.5,"S",0.9,0,3,0.0110381327011672,259.9,257.035,254.17,5.73,"Wc","#FCB4A2"
"wuchiapingian",11,-60,-75,-67.5,"S",2.71947,0,6,0.0333531897076035,259.9,257.035,254.17,5.73,"Wc","#FCB4A2"
"wuchiapingian",12,-75,-90,-82.5,"S",2.02956,0,6.52062499999999,0.0248917251166455,259.9,257.035,254.17,5.73,"Wc","#FCB4A2"
"ypresian",1,90,75,82.5,"N",NA,NA,NA,NA,56,51.9,47.8,8.2,"Y","#FCA773"
"ypresian",2,75,60,67.5,"N",NA,NA,NA,NA,56,51.9,47.8,8.2,"Y","#FCA773"
"ypresian",3,60,45,52.5,"N",2.26981,0,6,0.0444609810480468,56,51.9,47.8,8.2,"Y","#FCA773"
"ypresian",4,45,30,37.5,"N",19.44303,14.07135,24.880275,0.380849581395185,56,51.9,47.8,8.2,"Y","#FCA773"
"ypresian",5,30,15,22.5,"N",11.94236,6.949875,19.112125,0.233926646560263,56,51.9,47.8,8.2,"Y","#FCA773"
"ypresian",6,15,0,7.5,"N",10.86767,5.982825,16.513025,0.212875645937954,56,51.9,47.8,8.2,"Y","#FCA773"
"ypresian",7,0,-15,-7.5,"S",3.74886,1,6.9942,0.073432575154652,56,51.9,47.8,8.2,"Y","#FCA773"
"ypresian",8,-15,-30,-22.5,"S",0.07,0,1,0.00137115823499027,56,51.9,47.8,8.2,"Y","#FCA773"
"ypresian",9,-30,-45,-37.5,"S",1.5,0,4,0.029381962178363,56,51.9,47.8,8.2,"Y","#FCA773"
"ypresian",10,-45,-60,-52.5,"S",0.88,0,3,0.0172374178113063,56,51.9,47.8,8.2,"Y","#FCA773"
"ypresian",11,-60,-75,-67.5,"S",0.33,0,1,0.00646403167923986,56,51.9,47.8,8.2,"Y","#FCA773"
"ypresian",12,-75,-90,-82.5,"S",NA,NA,NA,NA,56,51.9,47.8,8.2,"Y","#FCA773"
"zanclean",1,90,75,82.5,"N",NA,NA,NA,NA,5.333,4.4665,3.6,1.733,"Z","#FFFFB3"
"zanclean",2,75,60,67.5,"N",NA,NA,NA,NA,5.333,4.4665,3.6,1.733,"Z","#FFFFB3"
"zanclean",3,60,45,52.5,"N",7.72697,3,13.129525,0.147493544865641,5.333,4.4665,3.6,1.733,"Z","#FFFFB3"
"zanclean",4,45,30,37.5,"N",19.63141,14.711025,24.26045,0.374727254229122,5.333,4.4665,3.6,1.733,"Z","#FFFFB3"
"zanclean",5,30,15,22.5,"N",6.72178,2.475,10.804975,0.128306329648875,5.333,4.4665,3.6,1.733,"Z","#FFFFB3"
"zanclean",6,15,0,7.5,"N",6.25996,2.474525,10.682225,0.119491041264185,5.333,4.4665,3.6,1.733,"Z","#FFFFB3"
"zanclean",7,0,-15,-7.5,"S",3.33954,0,6.52394999999999,0.0637456328704012,5.333,4.4665,3.6,1.733,"Z","#FFFFB3"
"zanclean",8,-15,-30,-22.5,"S",0.67,0,2.52499999999999,0.0127890589791315,5.333,4.4665,3.6,1.733,"Z","#FFFFB3"
"zanclean",9,-30,-45,-37.5,"S",6.25888,2,11.1698,0.119470426064637,5.333,4.4665,3.6,1.733,"Z","#FFFFB3"
"zanclean",10,-45,-60,-52.5,"S",NA,NA,NA,NA,5.333,4.4665,3.6,1.733,"Z","#FFFFB3"
"zanclean",11,-60,-75,-67.5,"S",1.77999,0,5,0.0339767120780064,5.333,4.4665,3.6,1.733,"Z","#FFFFB3"
"zanclean",12,-75,-90,-82.5,"S",NA,NA,NA,NA,5.333,4.4665,3.6,1.733,"Z","#FFFFB3"
