"id","x","y","rep","collections"
24,0.5,21.5,1,2
25,19.5,27.5,1,1
98,-0.5,21.5,1,1
112,-5.5,-5.5,1,9
118,19.5,27.5,1,1
121,28.5,29.5,1,8
142,69.5,-3.5,1,1
179,0.5,21.5,1,2
179,0.5,20.5,1,1
179,0.5,22.5,1,1
230,10.5,40.5,1,1
241,10.5,39.5,1,1
241,18.5,37.5,1,3
254,75.5,-5.5,1,2
292,43.5,-6.5,1,1
293,1.5,20.5,1,4
293,0.5,21.5,1,2
293,0.5,22.5,1,1
293,-0.5,21.5,1,1
310,-52.5,9.5,1,1
372,46.5,31.5,1,1
372,45.5,38.5,1,1
383,43.5,17.5,1,1
389,43.5,17.5,1,1
402,66.5,-7.5,1,3
421,21.5,31.5,1,9
446,11.5,39.5,1,9
476,-0.5,21.5,1,1
573,11.5,40.5,1,1
573,10.5,40.5,1,1
573,12.5,40.5,1,2
573,11.5,38.5,1,1
573,9.5,39.5,1,6
573,10.5,39.5,1,1
573,11.5,39.5,1,9
638,-41.5,6.5,1,2
648,66.5,-6.5,1,1
658,-47.5,39.5,1,3
658,-46.5,39.5,1,7
658,-47.5,38.5,1,1
663,12.5,40.5,1,2
715,45.5,38.5,1,1
748,43.5,17.5,1,1
934,-44.5,40.5,1,10
934,-43.5,40.5,1,1
934,-44.5,39.5,1,2
942,11.5,38.5,1,1
956,19.5,27.5,1,1
956,21.5,30.5,1,6
26,-52.5,35.5,2,2
37,18.5,37.5,2,3
76,21.5,30.5,2,6
165,-52.5,35.5,2,2
177,21.5,30.5,2,6
177,21.5,31.5,2,9
182,12.5,40.5,2,2
255,75.5,-5.5,2,2
269,43.5,-6.5,2,1
300,12.5,40.5,2,2
324,36.5,34.5,2,1
388,0.5,21.5,2,2
449,0.5,21.5,2,2
467,11.5,40.5,2,1
485,10.5,40.5,2,1
510,11.5,40.5,2,1
580,46.5,31.5,2,1
590,1.5,20.5,2,4
590,0.5,20.5,2,1
603,0.5,21.5,2,2
605,0.5,22.5,2,1
605,12.5,40.5,2,2
658,46.5,31.5,2,1
690,-0.5,21.5,2,1
710,66.5,-7.5,2,3
759,11.5,40.5,2,1
835,69.5,-3.5,2,1
855,0.5,20.5,2,1
855,0.5,21.5,2,2
864,19.5,27.5,2,1
877,0.5,22.5,2,1
944,18.5,37.5,2,3
44,18.5,37.5,3,3
45,10.5,40.5,3,1
50,-47.5,37.5,3,1
61,-43.5,40.5,3,1
204,75.5,-5.5,3,2
254,-44.5,40.5,3,10
254,-46.5,39.5,3,7
282,1.5,20.5,3,4
282,0.5,22.5,3,1
282,-0.5,21.5,3,1
337,12.5,40.5,3,2
342,-52.5,9.5,3,1
406,43.5,-6.5,3,1
464,36.5,34.5,3,1
552,46.5,31.5,3,1
558,-52.5,9.5,3,1
558,-41.5,6.5,3,2
610,-47.5,39.5,3,3
610,-43.5,40.5,3,1
610,-44.5,39.5,3,2
610,-46.5,39.5,3,7
627,69.5,-3.5,3,1
629,10.5,39.5,3,1
636,0.5,22.5,3,1
646,-47.5,37.5,3,1
687,11.5,38.5,3,1
794,46.5,31.5,3,1
796,10.5,40.5,3,1
801,46.5,31.5,3,1
825,9.5,39.5,3,6
864,19.5,27.5,3,1
866,1.5,20.5,3,4
920,29.5,10.5,3,1
932,0.5,20.5,3,1
991,10.5,40.5,3,1
93,43.5,17.5,4,1
103,0.5,22.5,4,1
161,-27.5,-28.5,4,1
194,28.5,29.5,4,8
219,-27.5,-28.5,4,1
282,75.5,-5.5,4,2
316,-46.5,39.5,4,7
360,28.5,29.5,4,8
392,1.5,20.5,4,4
392,-0.5,21.5,4,1
392,0.5,20.5,4,1
410,0.5,22.5,4,1
415,36.5,34.5,4,1
429,0.5,21.5,4,2
525,46.5,31.5,4,1
545,-5.5,-5.5,4,9
589,45.5,38.5,4,1
716,10.5,39.5,4,1
726,0.5,22.5,4,1
726,0.5,21.5,4,2
726,0.5,20.5,4,1
833,18.5,37.5,4,3
915,0.5,20.5,4,1
917,1.5,20.5,4,4
950,18.5,37.5,4,3
993,-44.5,39.5,4,2
993,-45.5,40.5,4,1
117,45.5,38.5,5,1
241,69.5,-3.5,5,1
253,21.5,30.5,5,6
264,9.5,39.5,5,6
392,45.5,38.5,5,1
399,1.5,20.5,5,4
406,-52.5,9.5,5,1
408,1.5,20.5,5,4
416,0.5,22.5,5,1
429,1.5,20.5,5,4
429,0.5,22.5,5,1
439,46.5,31.5,5,1
472,-44.5,39.5,5,2
484,43.5,-6.5,5,1
529,36.5,34.5,5,1
539,-45.5,40.5,5,1
645,29.5,10.5,5,1
654,0.5,20.5,5,1
654,0.5,21.5,5,2
654,0.5,22.5,5,1
654,1.5,20.5,5,4
654,-0.5,21.5,5,1
747,0.5,22.5,5,1
749,-52.5,35.5,5,2
794,11.5,39.5,5,9
917,9.5,39.5,5,6
917,11.5,38.5,5,1
945,46.5,31.5,5,1
12,9.5,39.5,6,6
12,10.5,39.5,6,1
20,28.5,29.5,6,8
34,12.5,40.5,6,2
34,9.5,39.5,6,6
75,10.5,40.5,6,1
112,32.5,9.5,6,2
129,69.5,-3.5,6,1
143,18.5,37.5,6,3
179,21.5,30.5,6,6
179,21.5,31.5,6,9
226,18.5,37.5,6,3
269,32.5,6.5,6,2
302,-27.5,-28.5,6,1
344,21.5,30.5,6,6
375,-0.5,21.5,6,1
452,-43.5,40.5,6,1
452,-44.5,39.5,6,2
453,36.5,34.5,6,1
474,-47.5,37.5,6,1
474,-44.5,40.5,6,10
474,-47.5,39.5,6,3
485,0.5,22.5,6,1
500,36.5,34.5,6,1
592,66.5,-6.5,6,1
612,43.5,17.5,6,1
657,36.5,34.5,6,1
720,1.5,20.5,6,4
752,19.5,27.5,6,1
755,19.5,27.5,6,1
820,36.5,34.5,6,1
898,-47.5,39.5,6,3
898,-46.5,39.5,6,7
898,-47.5,37.5,6,1
898,-44.5,39.5,6,2
929,0.5,22.5,6,1
958,19.5,27.5,6,1
967,-46.5,39.5,6,7
91,9.5,39.5,7,6
96,29.5,10.5,7,1
96,28.5,29.5,7,8
182,12.5,40.5,7,2
311,0.5,20.5,7,1
330,-47.5,39.5,7,3
398,21.5,31.5,7,9
399,-47.5,39.5,7,3
399,-43.5,40.5,7,1
399,-45.5,40.5,7,1
399,-44.5,40.5,7,10
399,-44.5,39.5,7,2
480,18.5,37.5,7,3
482,10.5,39.5,7,1
487,0.5,22.5,7,1
512,21.5,30.5,7,6
512,21.5,31.5,7,9
535,0.5,21.5,7,2
545,19.5,27.5,7,1
545,10.5,40.5,7,1
555,10.5,39.5,7,1
555,11.5,39.5,7,9
576,11.5,39.5,7,9
576,10.5,39.5,7,1
577,43.5,17.5,7,1
863,-47.5,39.5,7,3
863,-44.5,40.5,7,10
885,43.5,-6.5,7,1
931,-0.5,21.5,7,1
943,-46.5,39.5,7,7
970,11.5,38.5,7,1
970,11.5,40.5,7,1
996,9.5,39.5,7,6
3,21.5,31.5,8,9
15,-45.5,40.5,8,1
17,75.5,-5.5,8,2
56,75.5,-5.5,8,2
70,-47.5,39.5,8,3
72,32.5,9.5,8,2
75,45.5,38.5,8,1
92,-27.5,-28.5,8,1
102,-45.5,40.5,8,1
102,-47.5,37.5,8,1
123,43.5,17.5,8,1
143,11.5,40.5,8,1
146,-25.5,-27.5,8,1
153,45.5,38.5,8,1
164,12.5,40.5,8,2
175,0.5,22.5,8,1
175,0.5,21.5,8,2
175,1.5,20.5,8,4
192,-0.5,21.5,8,1
273,66.5,-6.5,8,1
321,-0.5,21.5,8,1
321,0.5,21.5,8,2
390,43.5,-6.5,8,1
407,-46.5,39.5,8,7
410,-0.5,21.5,8,1
430,1.5,20.5,8,4
471,66.5,-7.5,8,3
474,19.5,27.5,8,1
520,11.5,38.5,8,1
527,-43.5,40.5,8,1
528,18.5,37.5,8,3
528,21.5,31.5,8,9
544,28.5,29.5,8,8
605,46.5,31.5,8,1
667,11.5,38.5,8,1
744,-41.5,6.5,8,2
784,12.5,40.5,8,2
842,36.5,34.5,8,1
842,28.5,29.5,8,8
876,45.5,38.5,8,1
956,28.5,29.5,8,8
26,11.5,39.5,9,9
54,-45.5,40.5,9,1
54,-47.5,39.5,9,3
66,-5.5,-5.5,9,9
89,11.5,39.5,9,9
89,46.5,31.5,9,1
119,45.5,38.5,9,1
236,-43.5,40.5,9,1
253,43.5,17.5,9,1
281,0.5,21.5,9,2
296,21.5,31.5,9,9
296,21.5,30.5,9,6
385,0.5,22.5,9,1
454,75.5,-5.5,9,2
599,11.5,38.5,9,1
617,0.5,20.5,9,1
617,1.5,20.5,9,4
617,0.5,22.5,9,1
617,0.5,21.5,9,2
719,21.5,30.5,9,6
760,75.5,-5.5,9,2
760,69.5,-3.5,9,1
798,-47.5,39.5,9,3
798,-44.5,40.5,9,10
881,69.5,-3.5,9,1
881,66.5,-7.5,9,3
894,28.5,29.5,9,8
909,-0.5,21.5,9,1
994,36.5,34.5,9,1
30,36.5,34.5,10,1
35,-44.5,39.5,10,2
64,46.5,31.5,10,1
96,10.5,39.5,10,1
117,10.5,39.5,10,1
128,10.5,39.5,10,1
154,69.5,-3.5,10,1
215,75.5,-5.5,10,2
258,11.5,40.5,10,1
258,10.5,40.5,10,1
298,21.5,30.5,10,6
367,19.5,27.5,10,1
405,11.5,38.5,10,1
414,-25.5,-27.5,10,1
431,36.5,34.5,10,1
461,-25.5,-27.5,10,1
472,-0.5,21.5,10,1
478,28.5,29.5,10,8
500,11.5,40.5,10,1
539,21.5,30.5,10,6
539,19.5,27.5,10,1
565,43.5,17.5,10,1
639,18.5,37.5,10,3
651,-42.5,6.5,10,1
652,-42.5,6.5,10,1
701,-27.5,-28.5,10,1
746,-27.5,-28.5,10,1
754,45.5,38.5,10,1
776,43.5,17.5,10,1
792,18.5,37.5,10,3
792,11.5,39.5,10,9
792,10.5,39.5,10,1
792,11.5,38.5,10,1
818,0.5,22.5,10,1
828,21.5,30.5,10,6
828,36.5,34.5,10,1
853,21.5,31.5,10,9
853,11.5,38.5,10,1
952,43.5,17.5,10,1
964,0.5,20.5,10,1
91,28.5,29.5,11,8
91,21.5,31.5,11,9
107,-52.5,35.5,11,2
110,36.5,34.5,11,1
133,19.5,27.5,11,1
149,29.5,10.5,11,1
341,18.5,37.5,11,3
382,21.5,31.5,11,9
382,18.5,37.5,11,3
382,11.5,39.5,11,9
405,0.5,22.5,11,1
423,21.5,30.5,11,6
512,9.5,39.5,11,6
536,28.5,29.5,11,8
573,75.5,-5.5,11,2
600,-41.5,6.5,11,2
620,43.5,17.5,11,1
792,65.5,-9.5,11,1
852,11.5,38.5,11,1
873,10.5,40.5,11,1
901,10.5,39.5,11,1
901,10.5,40.5,11,1
949,46.5,31.5,11,1
45,36.5,34.5,12,1
54,21.5,31.5,12,9
66,11.5,38.5,12,1
87,9.5,39.5,12,6
87,11.5,40.5,12,1
195,41.5,-39.5,12,1
196,36.5,34.5,12,1
207,43.5,17.5,12,1
239,-27.5,-28.5,12,1
319,75.5,-5.5,12,2
361,43.5,17.5,12,1
408,21.5,31.5,12,9
464,45.5,38.5,12,1
486,43.5,-6.5,12,1
510,36.5,34.5,12,1
514,-0.5,21.5,12,1
622,-25.5,-27.5,12,1
655,19.5,27.5,12,1
685,11.5,40.5,12,1
687,46.5,31.5,12,1
699,11.5,39.5,12,9
740,10.5,40.5,12,1
758,21.5,31.5,12,9
792,11.5,40.5,12,1
792,10.5,39.5,12,1
822,-44.5,39.5,12,2
861,43.5,17.5,12,1
871,46.5,31.5,12,1
885,18.5,37.5,12,3
890,43.5,-6.5,12,1
912,-45.5,40.5,12,1
912,-47.5,38.5,12,1
912,-47.5,39.5,12,3
980,11.5,40.5,12,1
980,12.5,40.5,12,2
980,11.5,39.5,12,9
58,-25.5,-27.5,13,1
121,66.5,-7.5,13,3
169,-52.5,35.5,13,2
206,11.5,40.5,13,1
444,45.5,38.5,13,1
493,-27.5,-28.5,13,1
496,21.5,31.5,13,9
500,0.5,22.5,13,1
508,-43.5,40.5,13,1
561,45.5,38.5,13,1
594,43.5,-6.5,13,1
603,11.5,40.5,13,1
641,21.5,31.5,13,9
669,11.5,38.5,13,1
673,-47.5,38.5,13,1
673,-47.5,39.5,13,3
673,-45.5,40.5,13,1
729,11.5,39.5,13,9
729,10.5,40.5,13,1
756,0.5,22.5,13,1
763,75.5,-5.5,13,2
815,28.5,29.5,13,8
818,0.5,20.5,13,1
818,0.5,21.5,13,2
916,11.5,39.5,13,9
939,12.5,40.5,13,2
949,-27.5,-28.5,13,1
997,65.5,-9.5,13,1
106,18.5,37.5,14,3
110,75.5,-5.5,14,2
144,11.5,38.5,14,1
158,0.5,20.5,14,1
158,0.5,22.5,14,1
176,46.5,31.5,14,1
217,12.5,40.5,14,2
313,-52.5,9.5,14,1
345,10.5,39.5,14,1
354,12.5,40.5,14,2
369,-47.5,38.5,14,1
410,11.5,38.5,14,1
430,-27.5,-28.5,14,1
501,-47.5,37.5,14,1
501,-43.5,40.5,14,1
566,18.5,37.5,14,3
593,28.5,29.5,14,8
667,29.5,10.5,14,1
703,18.5,37.5,14,3
704,-27.5,-28.5,14,1
740,43.5,17.5,14,1
834,45.5,38.5,14,1
873,-0.5,21.5,14,1
915,21.5,30.5,14,6
928,-45.5,40.5,14,1
928,-43.5,40.5,14,1
100,12.5,40.5,15,2
100,18.5,37.5,15,3
105,-47.5,37.5,15,1
105,-47.5,39.5,15,3
105,-47.5,38.5,15,1
109,-0.5,21.5,15,1
128,46.5,31.5,15,1
177,0.5,21.5,15,2
198,36.5,34.5,15,1
241,10.5,39.5,15,1
241,11.5,39.5,15,9
251,36.5,34.5,15,1
300,32.5,6.5,15,2
347,0.5,22.5,15,1
357,11.5,38.5,15,1
386,45.5,38.5,15,1
475,21.5,31.5,15,9
502,66.5,-7.5,15,3
513,19.5,27.5,15,1
589,10.5,39.5,15,1
597,21.5,30.5,15,6
597,28.5,29.5,15,8
606,28.5,29.5,15,8
620,-5.5,-5.5,15,9
638,-41.5,6.5,15,2
674,45.5,38.5,15,1
695,-27.5,-28.5,15,1
723,19.5,27.5,15,1
769,1.5,20.5,15,4
796,43.5,17.5,15,1
813,-45.5,40.5,15,1
904,21.5,31.5,15,9
957,-44.5,39.5,15,2
68,43.5,17.5,16,1
146,43.5,-6.5,16,1
182,18.5,37.5,16,3
186,45.5,38.5,16,1
241,12.5,40.5,16,2
241,10.5,40.5,16,1
363,0.5,20.5,16,1
404,-41.5,6.5,16,2
415,-27.5,-28.5,16,1
425,65.5,-9.5,16,1
431,0.5,22.5,16,1
464,0.5,22.5,16,1
478,9.5,39.5,16,6
494,1.5,20.5,16,4
500,1.5,20.5,16,4
553,45.5,38.5,16,1
556,0.5,20.5,16,1
594,32.5,9.5,16,2
601,46.5,31.5,16,1
618,-43.5,40.5,16,1
643,11.5,40.5,16,1
658,0.5,22.5,16,1
755,10.5,39.5,16,1
755,11.5,39.5,16,9
790,0.5,22.5,16,1
790,-0.5,21.5,16,1
857,75.5,-5.5,16,2
939,-47.5,38.5,16,1
23,-0.5,21.5,17,1
51,0.5,20.5,17,1
51,0.5,21.5,17,2
51,-0.5,21.5,17,1
51,0.5,22.5,17,1
51,1.5,20.5,17,4
71,41.5,-39.5,17,1
91,21.5,31.5,17,9
95,-45.5,40.5,17,1
141,65.5,-9.5,17,1
195,69.5,-3.5,17,1
251,45.5,38.5,17,1
264,-0.5,21.5,17,1
264,0.5,20.5,17,1
265,-47.5,37.5,17,1
265,-45.5,40.5,17,1
406,45.5,38.5,17,1
430,-44.5,40.5,17,10
467,32.5,6.5,17,2
539,-41.5,6.5,17,2
546,46.5,31.5,17,1
567,-44.5,39.5,17,2
579,21.5,31.5,17,9
580,0.5,21.5,17,2
580,1.5,20.5,17,4
601,0.5,20.5,17,1
601,1.5,20.5,17,4
601,-0.5,21.5,17,1
601,0.5,21.5,17,2
629,10.5,40.5,17,1
662,45.5,38.5,17,1
698,0.5,20.5,17,1
698,-0.5,21.5,17,1
698,1.5,20.5,17,4
727,36.5,34.5,17,1
731,45.5,38.5,17,1
735,-47.5,39.5,17,3
750,45.5,38.5,17,1
764,28.5,29.5,17,8
766,69.5,-3.5,17,1
778,0.5,22.5,17,1
829,45.5,38.5,17,1
838,10.5,39.5,17,1
873,43.5,-6.5,17,1
951,0.5,20.5,17,1
988,28.5,29.5,17,8
11,43.5,-6.5,18,1
27,11.5,39.5,18,9
49,21.5,30.5,18,6
52,12.5,40.5,18,2
65,45.5,38.5,18,1
75,28.5,29.5,18,8
99,21.5,30.5,18,6
141,-47.5,37.5,18,1
141,-47.5,39.5,18,3
141,-45.5,40.5,18,1
148,36.5,34.5,18,1
199,10.5,39.5,18,1
199,9.5,39.5,18,6
199,11.5,39.5,18,9
208,-27.5,-28.5,18,1
249,32.5,9.5,18,2
289,0.5,21.5,18,2
319,18.5,37.5,18,3
395,43.5,17.5,18,1
465,65.5,-9.5,18,1
493,11.5,39.5,18,9
493,11.5,40.5,18,1
493,12.5,40.5,18,2
581,-45.5,40.5,18,1
598,-47.5,38.5,18,1
752,-25.5,-27.5,18,1
759,18.5,37.5,18,3
769,-42.5,6.5,18,1
773,-27.5,-28.5,18,1
869,-52.5,35.5,18,2
891,41.5,-39.5,18,1
902,69.5,-3.5,18,1
947,-0.5,21.5,18,1
962,18.5,37.5,18,3
50,75.5,-5.5,19,2
107,-52.5,35.5,19,2
188,45.5,38.5,19,1
253,28.5,29.5,19,8
388,21.5,31.5,19,9
406,36.5,34.5,19,1
418,9.5,39.5,19,6
445,19.5,27.5,19,1
532,21.5,31.5,19,9
542,41.5,-39.5,19,1
649,-42.5,6.5,19,1
713,21.5,31.5,19,9
769,43.5,17.5,19,1
793,-41.5,6.5,19,2
802,18.5,37.5,19,3
808,10.5,40.5,19,1
910,11.5,38.5,19,1
911,75.5,-5.5,19,2
963,29.5,10.5,19,1
975,45.5,38.5,19,1
977,28.5,29.5,19,8
985,-0.5,21.5,19,1
985,0.5,20.5,19,1
25,-0.5,21.5,20,1
37,0.5,22.5,20,1
55,21.5,30.5,20,6
68,0.5,21.5,20,2
68,0.5,20.5,20,1
140,21.5,31.5,20,9
140,28.5,29.5,20,8
151,-47.5,37.5,20,1
151,-44.5,40.5,20,10
213,43.5,-6.5,20,1
281,21.5,31.5,20,9
284,11.5,39.5,20,9
301,0.5,22.5,20,1
306,0.5,20.5,20,1
361,10.5,40.5,20,1
391,45.5,38.5,20,1
492,-45.5,40.5,20,1
492,-46.5,39.5,20,7
574,21.5,30.5,20,6
604,18.5,37.5,20,3
617,-0.5,21.5,20,1
617,0.5,22.5,20,1
715,-25.5,-27.5,20,1
724,0.5,21.5,20,2
752,11.5,39.5,20,9
755,0.5,22.5,20,1
755,0.5,21.5,20,2
765,45.5,38.5,20,1
786,0.5,22.5,20,1
808,46.5,31.5,20,1
808,45.5,38.5,20,1
864,28.5,29.5,20,8
865,36.5,34.5,20,1
877,66.5,-6.5,20,1
912,11.5,40.5,20,1
945,66.5,-6.5,20,1
952,-47.5,38.5,20,1
966,-27.5,-28.5,20,1
998,18.5,37.5,20,3
105,-27.5,-28.5,21,1
142,-44.5,39.5,21,2
142,-47.5,37.5,21,1
158,19.5,27.5,21,1
163,9.5,39.5,21,6
190,-42.5,6.5,21,1
279,-52.5,9.5,21,1
301,-0.5,21.5,21,1
301,0.5,21.5,21,2
337,19.5,27.5,21,1
369,28.5,29.5,21,8
402,66.5,-7.5,21,3
403,28.5,29.5,21,8
455,66.5,-6.5,21,1
523,45.5,38.5,21,1
645,-45.5,40.5,21,1
645,-46.5,39.5,21,7
656,19.5,27.5,21,1
661,10.5,39.5,21,1
713,-0.5,21.5,21,1
714,65.5,-9.5,21,1
857,9.5,39.5,21,6
858,11.5,38.5,21,1
998,10.5,40.5,21,1
2,0.5,22.5,22,1
187,43.5,17.5,22,1
212,-42.5,6.5,22,1
240,0.5,20.5,22,1
314,-0.5,21.5,22,1
328,36.5,34.5,22,1
365,18.5,37.5,22,3
365,21.5,31.5,22,9
377,75.5,-5.5,22,2
439,9.5,39.5,22,6
459,-43.5,40.5,22,1
492,36.5,34.5,22,1
507,45.5,38.5,22,1
557,43.5,-6.5,22,1
564,-52.5,35.5,22,2
585,65.5,-9.5,22,1
731,1.5,20.5,22,4
740,28.5,29.5,22,8
774,10.5,39.5,22,1
874,9.5,39.5,22,6
906,75.5,-5.5,22,2
978,21.5,30.5,22,6
989,0.5,21.5,22,2
998,-44.5,39.5,22,2
998,-44.5,40.5,22,10
7,-52.5,35.5,23,2
63,29.5,10.5,23,1
119,21.5,30.5,23,6
140,45.5,38.5,23,1
223,0.5,22.5,23,1
318,19.5,27.5,23,1
325,11.5,40.5,23,1
376,36.5,34.5,23,1
455,43.5,-6.5,23,1
484,19.5,27.5,23,1
484,11.5,39.5,23,9
500,28.5,29.5,23,8
535,-47.5,39.5,23,3
535,-43.5,40.5,23,1
558,11.5,40.5,23,1
558,12.5,40.5,23,2
558,11.5,39.5,23,9
576,32.5,9.5,23,2
581,11.5,39.5,23,9
619,-43.5,40.5,23,1
710,28.5,29.5,23,8
710,36.5,34.5,23,1
712,45.5,38.5,23,1
743,45.5,38.5,23,1
757,12.5,40.5,23,2
808,10.5,40.5,23,1
808,11.5,40.5,23,1
808,11.5,38.5,23,1
808,12.5,40.5,23,2
864,65.5,-9.5,23,1
900,11.5,38.5,23,1
929,0.5,20.5,23,1
969,21.5,31.5,23,9
986,0.5,22.5,23,1
115,11.5,40.5,24,1
136,21.5,31.5,24,9
141,0.5,22.5,24,1
150,-5.5,-5.5,24,9
163,10.5,40.5,24,1
163,0.5,22.5,24,1
219,-0.5,21.5,24,1
231,43.5,17.5,24,1
245,45.5,38.5,24,1
249,11.5,38.5,24,1
267,36.5,34.5,24,1
271,1.5,20.5,24,4
273,75.5,-5.5,24,2
360,32.5,6.5,24,2
386,28.5,29.5,24,8
482,36.5,34.5,24,1
523,46.5,31.5,24,1
531,11.5,40.5,24,1
549,0.5,20.5,24,1
567,36.5,34.5,24,1
590,-44.5,39.5,24,2
590,-43.5,40.5,24,1
590,-45.5,40.5,24,1
590,-46.5,39.5,24,7
590,-47.5,39.5,24,3
590,-47.5,38.5,24,1
631,18.5,37.5,24,3
635,69.5,-3.5,24,1
642,0.5,21.5,24,2
642,0.5,20.5,24,1
660,-52.5,35.5,24,2
705,21.5,30.5,24,6
736,-47.5,39.5,24,3
757,29.5,10.5,24,1
812,45.5,38.5,24,1
842,21.5,30.5,24,6
877,-5.5,-5.5,24,9
890,-42.5,6.5,24,1
890,-41.5,6.5,24,2
970,12.5,40.5,24,2
970,11.5,39.5,24,9
970,11.5,38.5,24,1
978,0.5,20.5,24,1
993,75.5,-5.5,24,2
82,45.5,38.5,25,1
96,19.5,27.5,25,1
240,19.5,27.5,25,1
368,11.5,38.5,25,1
373,-5.5,-5.5,25,9
406,46.5,31.5,25,1
551,21.5,30.5,25,6
551,21.5,31.5,25,9
561,18.5,37.5,25,3
571,11.5,39.5,25,9
608,46.5,31.5,25,1
624,29.5,10.5,25,1
624,28.5,29.5,25,8
650,-52.5,9.5,25,1
667,9.5,39.5,25,6
667,10.5,39.5,25,1
692,45.5,38.5,25,1
720,-46.5,39.5,25,7
720,-47.5,38.5,25,1
727,46.5,31.5,25,1
811,19.5,27.5,25,1
901,0.5,20.5,25,1
926,21.5,31.5,25,9
937,0.5,22.5,25,1
958,-5.5,-5.5,25,9
56,-52.5,9.5,26,1
67,28.5,29.5,26,8
74,21.5,30.5,26,6
93,0.5,21.5,26,2
119,75.5,-5.5,26,2
144,21.5,30.5,26,6
162,75.5,-5.5,26,2
250,1.5,20.5,26,4
250,-0.5,21.5,26,1
280,-0.5,21.5,26,1
280,0.5,20.5,26,1
367,45.5,38.5,26,1
399,28.5,29.5,26,8
414,10.5,39.5,26,1
414,11.5,38.5,26,1
414,10.5,40.5,26,1
429,43.5,17.5,26,1
469,32.5,9.5,26,2
470,75.5,-5.5,26,2
478,12.5,40.5,26,2
480,36.5,34.5,26,1
640,-41.5,6.5,26,2
663,32.5,6.5,26,2
677,36.5,34.5,26,1
682,11.5,39.5,26,9
682,9.5,39.5,26,6
682,10.5,39.5,26,1
682,11.5,38.5,26,1
682,10.5,40.5,26,1
682,11.5,40.5,26,1
686,36.5,34.5,26,1
691,46.5,31.5,26,1
707,21.5,31.5,26,9
707,21.5,30.5,26,6
771,32.5,6.5,26,2
800,-0.5,21.5,26,1
825,11.5,39.5,26,9
825,18.5,37.5,26,3
849,75.5,-5.5,26,2
849,66.5,-6.5,26,1
865,-42.5,6.5,26,1
865,-52.5,9.5,26,1
880,18.5,37.5,26,3
926,29.5,10.5,26,1
929,46.5,31.5,26,1
978,10.5,40.5,26,1
985,0.5,21.5,26,2
32,46.5,31.5,27,1
220,-47.5,39.5,27,3
222,12.5,40.5,27,2
255,-27.5,-28.5,27,1
327,-52.5,9.5,27,1
328,0.5,21.5,27,2
371,-47.5,38.5,27,1
386,1.5,20.5,27,4
386,0.5,21.5,27,2
439,18.5,37.5,27,3
439,10.5,39.5,27,1
451,69.5,-3.5,27,1
547,-41.5,6.5,27,2
567,0.5,22.5,27,1
631,-0.5,21.5,27,1
631,0.5,22.5,27,1
796,1.5,20.5,27,4
849,10.5,39.5,27,1
849,11.5,39.5,27,9
859,0.5,20.5,27,1
863,32.5,6.5,27,2
875,11.5,38.5,27,1
885,11.5,39.5,27,9
901,69.5,-3.5,27,1
914,19.5,27.5,27,1
927,11.5,40.5,27,1
927,12.5,40.5,27,2
929,0.5,21.5,27,2
968,0.5,21.5,27,2
982,45.5,38.5,27,1
2,21.5,30.5,28,6
70,46.5,31.5,28,1
71,0.5,22.5,28,1
76,-44.5,40.5,28,10
92,-47.5,39.5,28,3
99,43.5,17.5,28,1
152,-41.5,6.5,28,2
179,28.5,29.5,28,8
216,43.5,-6.5,28,1
230,12.5,40.5,28,2
230,11.5,39.5,28,9
262,0.5,20.5,28,1
262,0.5,22.5,28,1
262,-0.5,21.5,28,1
278,75.5,-5.5,28,2
311,69.5,-3.5,28,1
318,-45.5,40.5,28,1
479,43.5,-6.5,28,1
479,75.5,-5.5,28,2
530,10.5,40.5,28,1
530,9.5,39.5,28,6
543,-0.5,21.5,28,1
571,43.5,17.5,28,1
675,0.5,21.5,28,2
675,-0.5,21.5,28,1
675,0.5,20.5,28,1
675,0.5,22.5,28,1
752,45.5,38.5,28,1
770,11.5,39.5,28,9
770,11.5,38.5,28,1
770,10.5,39.5,28,1
770,9.5,39.5,28,6
804,-27.5,-28.5,28,1
971,0.5,22.5,28,1
70,11.5,38.5,29,1
108,21.5,30.5,29,6
190,0.5,20.5,29,1
190,1.5,20.5,29,4
190,0.5,21.5,29,2
190,-0.5,21.5,29,1
229,-27.5,-28.5,29,1
262,-52.5,9.5,29,1
303,43.5,17.5,29,1
336,-44.5,39.5,29,2
344,21.5,31.5,29,9
369,-52.5,35.5,29,2
392,43.5,17.5,29,1
424,21.5,30.5,29,6
424,21.5,31.5,29,9
424,28.5,29.5,29,8
480,-43.5,40.5,29,1
486,-27.5,-28.5,29,1
520,-42.5,6.5,29,1
598,11.5,38.5,29,1
649,-42.5,6.5,29,1
652,9.5,39.5,29,6
677,43.5,-6.5,29,1
703,0.5,20.5,29,1
703,0.5,22.5,29,1
760,-27.5,-28.5,29,1
760,-25.5,-27.5,29,1
774,36.5,34.5,29,1
899,11.5,40.5,29,1
899,21.5,31.5,29,9
989,43.5,17.5,29,1
992,36.5,34.5,29,1
992,45.5,38.5,29,1
995,12.5,40.5,29,2
21,19.5,27.5,30,1
21,21.5,30.5,30,6
63,-41.5,6.5,30,2
132,-42.5,6.5,30,1
198,11.5,40.5,30,1
291,43.5,17.5,30,1
358,21.5,31.5,30,9
391,9.5,39.5,30,6
391,11.5,38.5,30,1
391,21.5,31.5,30,9
391,11.5,39.5,30,9
420,43.5,-6.5,30,1
483,21.5,30.5,30,6
538,-47.5,38.5,30,1
545,-5.5,-5.5,30,9
613,43.5,-6.5,30,1
716,69.5,-3.5,30,1
747,65.5,-9.5,30,1
747,66.5,-6.5,30,1
781,21.5,31.5,30,9
810,21.5,30.5,30,6
843,-52.5,35.5,30,2
899,0.5,22.5,30,1
931,19.5,27.5,30,1
936,10.5,39.5,30,1
936,11.5,39.5,30,9
939,9.5,39.5,30,6
959,21.5,30.5,30,6
40,46.5,31.5,31,1
50,19.5,27.5,31,1
78,21.5,31.5,31,9
164,45.5,38.5,31,1
177,-52.5,35.5,31,2
318,66.5,-6.5,31,1
398,11.5,40.5,31,1
398,10.5,39.5,31,1
420,21.5,31.5,31,9
547,69.5,-3.5,31,1
561,75.5,-5.5,31,2
582,75.5,-5.5,31,2
643,-45.5,40.5,31,1
652,-44.5,40.5,31,10
655,18.5,37.5,31,3
685,45.5,38.5,31,1
721,-0.5,21.5,31,1
800,12.5,40.5,31,2
800,21.5,30.5,31,6
823,10.5,39.5,31,1
872,9.5,39.5,31,6
889,43.5,17.5,31,1
992,10.5,40.5,31,1
13,21.5,31.5,32,9
14,75.5,-5.5,32,2
19,43.5,-6.5,32,1
29,-0.5,21.5,32,1
46,-52.5,9.5,32,1
74,29.5,10.5,32,1
104,21.5,30.5,32,6
140,66.5,-6.5,32,1
141,-42.5,6.5,32,1
141,-41.5,6.5,32,2
160,1.5,20.5,32,4
176,12.5,40.5,32,2
181,21.5,30.5,32,6
200,0.5,22.5,32,1
205,43.5,17.5,32,1
237,21.5,30.5,32,6
268,43.5,17.5,32,1
311,0.5,21.5,32,2
323,11.5,38.5,32,1
323,11.5,39.5,32,9
327,0.5,22.5,32,1
333,1.5,20.5,32,4
333,-0.5,21.5,32,1
341,75.5,-5.5,32,2
368,75.5,-5.5,32,2
467,-47.5,39.5,32,3
467,-46.5,39.5,32,7
467,-43.5,40.5,32,1
482,18.5,37.5,32,3
495,-44.5,40.5,32,10
496,43.5,17.5,32,1
504,-47.5,38.5,32,1
610,1.5,20.5,32,4
639,-0.5,21.5,32,1
674,-46.5,39.5,32,7
678,66.5,-7.5,32,3
692,75.5,-5.5,32,2
697,12.5,40.5,32,2
766,45.5,38.5,32,1
774,-45.5,40.5,32,1
774,-44.5,40.5,32,10
774,-44.5,39.5,32,2
774,-46.5,39.5,32,7
830,-52.5,9.5,32,1
990,-42.5,6.5,32,1
1,-44.5,40.5,33,10
1,-52.5,35.5,33,2
11,-0.5,21.5,33,1
70,0.5,20.5,33,1
70,0.5,22.5,33,1
76,-44.5,40.5,33,10
86,36.5,34.5,33,1
91,43.5,-6.5,33,1
119,0.5,20.5,33,1
148,28.5,29.5,33,8
148,21.5,30.5,33,6
153,19.5,27.5,33,1
170,10.5,39.5,33,1
178,36.5,34.5,33,1
185,11.5,40.5,33,1
185,10.5,39.5,33,1
192,65.5,-9.5,33,1
269,32.5,9.5,33,2
269,29.5,10.5,33,1
269,0.5,21.5,33,2
279,11.5,40.5,33,1
308,45.5,38.5,33,1
321,75.5,-5.5,33,2
384,-52.5,9.5,33,1
399,-44.5,40.5,33,10
399,-45.5,40.5,33,1
449,75.5,-5.5,33,2
451,36.5,34.5,33,1
476,36.5,34.5,33,1
529,-44.5,40.5,33,10
529,-45.5,40.5,33,1
529,-43.5,40.5,33,1
529,-46.5,39.5,33,7
649,-52.5,35.5,33,2
653,1.5,20.5,33,4
653,21.5,30.5,33,6
686,43.5,17.5,33,1
711,21.5,31.5,33,9
711,18.5,37.5,33,3
729,21.5,31.5,33,9
738,36.5,34.5,33,1
743,65.5,-9.5,33,1
749,45.5,38.5,33,1
792,11.5,40.5,33,1
807,28.5,29.5,33,8
919,75.5,-5.5,33,2
966,69.5,-3.5,33,1
19,1.5,20.5,34,4
30,45.5,38.5,34,1
55,12.5,40.5,34,2
111,-27.5,-28.5,34,1
142,-43.5,40.5,34,1
452,45.5,38.5,34,1
453,65.5,-9.5,34,1
553,1.5,20.5,34,4
557,45.5,38.5,34,1
574,21.5,30.5,34,6
579,-47.5,37.5,34,1
579,-47.5,38.5,34,1
582,18.5,37.5,34,3
594,18.5,37.5,34,3
594,10.5,39.5,34,1
598,29.5,10.5,34,1
605,-44.5,40.5,34,10
611,0.5,20.5,34,1
611,0.5,22.5,34,1
611,0.5,21.5,34,2
624,0.5,20.5,34,1
624,1.5,20.5,34,4
624,0.5,21.5,34,2
624,0.5,22.5,34,1
635,46.5,31.5,34,1
639,11.5,38.5,34,1
639,11.5,40.5,34,1
645,1.5,20.5,34,4
645,0.5,22.5,34,1
645,-0.5,21.5,34,1
645,0.5,20.5,34,1
645,0.5,21.5,34,2
747,45.5,38.5,34,1
781,12.5,40.5,34,2
797,36.5,34.5,34,1
903,45.5,38.5,34,1
967,-0.5,21.5,34,1
967,0.5,21.5,34,2
967,1.5,20.5,34,4
52,-43.5,40.5,35,1
126,32.5,6.5,35,2
139,69.5,-3.5,35,1
195,9.5,39.5,35,6
195,10.5,40.5,35,1
195,11.5,39.5,35,9
195,11.5,40.5,35,1
277,43.5,17.5,35,1
319,32.5,6.5,35,2
345,18.5,37.5,35,3
345,11.5,38.5,35,1
351,19.5,27.5,35,1
351,21.5,30.5,35,6
380,-41.5,6.5,35,2
402,0.5,21.5,35,2
408,36.5,34.5,35,1
468,0.5,21.5,35,2
492,21.5,30.5,35,6
492,21.5,31.5,35,9
504,46.5,31.5,35,1
609,43.5,17.5,35,1
662,-0.5,21.5,35,1
821,45.5,38.5,35,1
876,-46.5,39.5,35,7
876,-43.5,40.5,35,1
876,-45.5,40.5,35,1
876,-44.5,40.5,35,10
876,-47.5,39.5,35,3
895,-27.5,-28.5,35,1
951,18.5,37.5,35,3
977,-41.5,6.5,35,2
977,-42.5,6.5,35,1
4,0.5,22.5,36,1
6,1.5,20.5,36,4
20,18.5,37.5,36,3
30,0.5,21.5,36,2
37,12.5,40.5,36,2
37,11.5,39.5,36,9
39,0.5,21.5,36,2
122,18.5,37.5,36,3
149,0.5,22.5,36,1
159,69.5,-3.5,36,1
167,0.5,21.5,36,2
253,-47.5,39.5,36,3
253,-45.5,40.5,36,1
253,-44.5,39.5,36,2
253,-46.5,39.5,36,7
253,-44.5,40.5,36,10
486,66.5,-7.5,36,3
548,36.5,34.5,36,1
561,21.5,30.5,36,6
561,21.5,31.5,36,9
561,28.5,29.5,36,8
569,66.5,-6.5,36,1
688,11.5,39.5,36,9
698,46.5,31.5,36,1
764,43.5,17.5,36,1
797,21.5,31.5,36,9
797,21.5,30.5,36,6
808,0.5,20.5,36,1
808,-0.5,21.5,36,1
808,0.5,21.5,36,2
826,36.5,34.5,36,1
976,43.5,17.5,36,1
990,11.5,39.5,36,9
54,36.5,34.5,37,1
56,43.5,-6.5,37,1
67,-47.5,37.5,37,1
82,10.5,39.5,37,1
82,10.5,40.5,37,1
89,10.5,39.5,37,1
154,-0.5,21.5,37,1
166,11.5,39.5,37,9
173,9.5,39.5,37,6
173,10.5,39.5,37,1
173,11.5,38.5,37,1
194,0.5,21.5,37,2
197,-27.5,-28.5,37,1
215,-47.5,39.5,37,3
275,-52.5,9.5,37,1
278,18.5,37.5,37,3
278,19.5,27.5,37,1
326,65.5,-9.5,37,1
326,66.5,-7.5,37,3
342,43.5,17.5,37,1
365,75.5,-5.5,37,2
424,0.5,20.5,37,1
424,-0.5,21.5,37,1
424,0.5,21.5,37,2
468,69.5,-3.5,37,1
634,75.5,-5.5,37,2
730,-43.5,40.5,37,1
749,-0.5,21.5,37,1
749,1.5,20.5,37,4
761,-0.5,21.5,37,1
838,10.5,40.5,37,1
886,-44.5,39.5,37,2
886,-47.5,37.5,37,1
946,21.5,31.5,37,9
979,-42.5,6.5,37,1
5,46.5,31.5,38,1
20,32.5,9.5,38,2
42,0.5,20.5,38,1
85,-0.5,21.5,38,1
120,36.5,34.5,38,1
127,21.5,30.5,38,6
127,21.5,31.5,38,9
144,46.5,31.5,38,1
152,-42.5,6.5,38,1
177,9.5,39.5,38,6
177,18.5,37.5,38,3
275,19.5,27.5,38,1
301,66.5,-6.5,38,1
352,36.5,34.5,38,1
368,75.5,-5.5,38,2
402,10.5,39.5,38,1
550,-43.5,40.5,38,1
550,-46.5,39.5,38,7
572,45.5,38.5,38,1
576,19.5,27.5,38,1
625,28.5,29.5,38,8
647,9.5,39.5,38,6
689,43.5,17.5,38,1
702,29.5,10.5,38,1
717,69.5,-3.5,38,1
770,11.5,39.5,38,9
770,10.5,40.5,38,1
871,21.5,30.5,38,6
898,11.5,39.5,38,9
66,9.5,39.5,39,6
113,-25.5,-27.5,39,1
141,69.5,-3.5,39,1
328,45.5,38.5,39,1
347,18.5,37.5,39,3
383,-27.5,-28.5,39,1
383,-25.5,-27.5,39,1
394,32.5,6.5,39,2
404,0.5,20.5,39,1
405,-45.5,40.5,39,1
519,-43.5,40.5,39,1
539,41.5,-39.5,39,1
558,36.5,34.5,39,1
603,28.5,29.5,39,8
613,21.5,31.5,39,9
736,75.5,-5.5,39,2
778,0.5,20.5,39,1
778,1.5,20.5,39,4
778,0.5,22.5,39,1
791,75.5,-5.5,39,2
816,1.5,20.5,39,4
827,28.5,29.5,39,8
837,19.5,27.5,39,1
862,-43.5,40.5,39,1
902,36.5,34.5,39,1
951,45.5,38.5,39,1
29,45.5,38.5,40,1
30,18.5,37.5,40,3
88,32.5,6.5,40,2
114,10.5,39.5,40,1
116,43.5,-6.5,40,1
133,12.5,40.5,40,2
152,43.5,17.5,40,1
179,10.5,39.5,40,1
228,43.5,-6.5,40,1
230,75.5,-5.5,40,2
315,11.5,39.5,40,9
315,10.5,40.5,40,1
315,9.5,39.5,40,6
321,32.5,9.5,40,2
324,-25.5,-27.5,40,1
330,-46.5,39.5,40,7
330,-45.5,40.5,40,1
424,28.5,29.5,40,8
449,10.5,39.5,40,1
449,9.5,39.5,40,6
530,43.5,-6.5,40,1
690,43.5,-6.5,40,1
755,-47.5,39.5,40,3
824,21.5,30.5,40,6
851,21.5,30.5,40,6
858,28.5,29.5,40,8
868,18.5,37.5,40,3
874,21.5,30.5,40,6
897,-44.5,39.5,40,2
900,12.5,40.5,40,2
915,0.5,22.5,40,1
947,10.5,40.5,40,1
961,75.5,-5.5,40,2
986,0.5,22.5,40,1
986,0.5,20.5,40,1
8,43.5,17.5,41,1
58,19.5,27.5,41,1
123,-44.5,39.5,41,2
130,19.5,27.5,41,1
130,28.5,29.5,41,8
142,-0.5,21.5,41,1
149,43.5,17.5,41,1
170,-5.5,-5.5,41,9
189,21.5,31.5,41,9
189,19.5,27.5,41,1
190,0.5,20.5,41,1
304,1.5,20.5,41,4
318,11.5,39.5,41,9
318,11.5,40.5,41,1
318,12.5,40.5,41,2
419,10.5,39.5,41,1
605,0.5,20.5,41,1
639,0.5,20.5,41,1
660,-0.5,21.5,41,1
721,9.5,39.5,41,6
797,75.5,-5.5,41,2
802,46.5,31.5,41,1
803,-52.5,35.5,41,2
826,21.5,31.5,41,9
837,0.5,21.5,41,2
854,45.5,38.5,41,1
892,32.5,9.5,41,2
937,65.5,-9.5,41,1
949,21.5,31.5,41,9
953,65.5,-9.5,41,1
967,11.5,38.5,41,1
975,-27.5,-28.5,41,1
975,-25.5,-27.5,41,1
7,28.5,29.5,42,8
7,21.5,30.5,42,6
17,43.5,-6.5,42,1
84,10.5,40.5,42,1
102,19.5,27.5,42,1
115,36.5,34.5,42,1
229,-43.5,40.5,42,1
229,-47.5,37.5,42,1
288,-0.5,21.5,42,1
299,-52.5,35.5,42,2
311,-0.5,21.5,42,1
345,12.5,40.5,42,2
376,-27.5,-28.5,42,1
429,75.5,-5.5,42,2
457,36.5,34.5,42,1
499,12.5,40.5,42,2
525,9.5,39.5,42,6
620,41.5,-39.5,42,1
631,0.5,20.5,42,1
638,11.5,38.5,42,1
653,10.5,39.5,42,1
668,45.5,38.5,42,1
728,29.5,10.5,42,1
788,65.5,-9.5,42,1
800,18.5,37.5,42,3
806,45.5,38.5,42,1
831,32.5,6.5,42,2
904,36.5,34.5,42,1
921,21.5,30.5,42,6
921,28.5,29.5,42,8
968,21.5,30.5,42,6
21,21.5,31.5,43,9
25,-25.5,-27.5,43,1
30,69.5,-3.5,43,1
43,11.5,40.5,43,1
55,1.5,20.5,43,4
72,10.5,40.5,43,1
95,-44.5,40.5,43,10
95,-44.5,39.5,43,2
95,-46.5,39.5,43,7
106,-47.5,37.5,43,1
106,-47.5,38.5,43,1
148,-44.5,39.5,43,2
148,-52.5,35.5,43,2
204,9.5,39.5,43,6
229,1.5,20.5,43,4
353,65.5,-9.5,43,1
392,10.5,39.5,43,1
392,11.5,40.5,43,1
403,-27.5,-28.5,43,1
406,0.5,21.5,43,2
459,1.5,20.5,43,4
459,-0.5,21.5,43,1
459,0.5,20.5,43,1
466,45.5,38.5,43,1
473,69.5,-3.5,43,1
478,-27.5,-28.5,43,1
479,45.5,38.5,43,1
516,21.5,31.5,43,9
524,-5.5,-5.5,43,9
547,32.5,6.5,43,2
626,43.5,-6.5,43,1
687,43.5,17.5,43,1
736,66.5,-7.5,43,3
738,21.5,30.5,43,6
738,9.5,39.5,43,6
738,10.5,39.5,43,1
738,18.5,37.5,43,3
753,36.5,34.5,43,1
760,45.5,38.5,43,1
763,43.5,17.5,43,1
785,65.5,-9.5,43,1
818,69.5,-3.5,43,1
859,-0.5,21.5,43,1
859,0.5,21.5,43,2
893,10.5,40.5,43,1
893,12.5,40.5,43,2
7,21.5,30.5,44,6
25,-47.5,38.5,44,1
32,-45.5,40.5,44,1
32,-44.5,40.5,44,10
54,21.5,31.5,44,9
54,18.5,37.5,44,3
69,11.5,40.5,44,1
105,1.5,20.5,44,4
105,0.5,22.5,44,1
187,43.5,17.5,44,1
309,-46.5,39.5,44,7
444,-47.5,37.5,44,1
444,-44.5,39.5,44,2
450,-52.5,9.5,44,1
504,0.5,22.5,44,1
504,1.5,20.5,44,4
504,0.5,20.5,44,1
506,19.5,27.5,44,1
558,-47.5,39.5,44,3
593,46.5,31.5,44,1
646,0.5,22.5,44,1
654,43.5,17.5,44,1
657,75.5,-5.5,44,2
690,11.5,38.5,44,1
690,11.5,40.5,44,1
691,19.5,27.5,44,1
701,36.5,34.5,44,1
770,45.5,38.5,44,1
776,36.5,34.5,44,1
800,45.5,38.5,44,1
800,46.5,31.5,44,1
927,-47.5,39.5,44,3
947,43.5,17.5,44,1
44,-27.5,-28.5,45,1
69,-47.5,39.5,45,3
69,-47.5,38.5,45,1
69,-43.5,40.5,45,1
75,10.5,39.5,45,1
121,12.5,40.5,45,2
215,9.5,39.5,45,6
216,-27.5,-28.5,45,1
265,43.5,17.5,45,1
268,-43.5,40.5,45,1
268,-44.5,39.5,45,2
278,45.5,38.5,45,1
306,11.5,39.5,45,9
310,66.5,-6.5,45,1
334,21.5,31.5,45,9
371,28.5,29.5,45,8
379,19.5,27.5,45,1
446,11.5,39.5,45,9
446,11.5,38.5,45,1
510,-41.5,6.5,45,2
553,45.5,38.5,45,1
582,-44.5,40.5,45,10
591,66.5,-6.5,45,1
668,-0.5,21.5,45,1
717,28.5,29.5,45,8
720,9.5,39.5,45,6
721,69.5,-3.5,45,1
724,46.5,31.5,45,1
749,0.5,20.5,45,1
749,1.5,20.5,45,4
749,0.5,21.5,45,2
774,0.5,20.5,45,1
796,-47.5,39.5,45,3
840,66.5,-6.5,45,1
844,12.5,40.5,45,2
962,-44.5,39.5,45,2
968,21.5,31.5,45,9
92,11.5,40.5,46,1
121,18.5,37.5,46,3
121,11.5,38.5,46,1
144,32.5,6.5,46,2
198,-41.5,6.5,46,2
198,-42.5,6.5,46,1
205,11.5,38.5,46,1
249,11.5,39.5,46,9
266,0.5,20.5,46,1
278,0.5,22.5,46,1
303,0.5,21.5,46,2
311,75.5,-5.5,46,2
334,46.5,31.5,46,1
334,45.5,38.5,46,1
378,36.5,34.5,46,1
477,21.5,31.5,46,9
511,11.5,39.5,46,9
511,12.5,40.5,46,2
520,11.5,39.5,46,9
539,0.5,20.5,46,1
539,-0.5,21.5,46,1
561,36.5,34.5,46,1
583,36.5,34.5,46,1
583,29.5,10.5,46,1
649,43.5,17.5,46,1
672,19.5,27.5,46,1
711,21.5,31.5,46,9
734,18.5,37.5,46,3
749,-47.5,39.5,46,3
751,21.5,31.5,46,9
751,21.5,30.5,46,6
812,45.5,38.5,46,1
834,36.5,34.5,46,1
842,43.5,-6.5,46,1
849,28.5,29.5,46,8
971,11.5,39.5,46,9
992,21.5,31.5,46,9
992,19.5,27.5,46,1
28,28.5,29.5,47,8
60,45.5,38.5,47,1
86,36.5,34.5,47,1
171,-47.5,39.5,47,3
192,66.5,-6.5,47,1
230,21.5,30.5,47,6
230,10.5,39.5,47,1
230,9.5,39.5,47,6
232,9.5,39.5,47,6
239,29.5,10.5,47,1
254,10.5,40.5,47,1
320,43.5,17.5,47,1
342,21.5,31.5,47,9
354,43.5,17.5,47,1
413,9.5,39.5,47,6
414,-0.5,21.5,47,1
420,-44.5,40.5,47,10
436,66.5,-7.5,47,3
463,9.5,39.5,47,6
482,32.5,6.5,47,2
530,45.5,38.5,47,1
558,18.5,37.5,47,3
621,0.5,20.5,47,1
621,0.5,22.5,47,1
675,18.5,37.5,47,3
692,-0.5,21.5,47,1
692,0.5,20.5,47,1
763,-47.5,38.5,47,1
853,-44.5,39.5,47,2
853,-43.5,40.5,47,1
853,-44.5,40.5,47,10
875,75.5,-5.5,47,2
893,10.5,40.5,47,1
929,-45.5,40.5,47,1
931,-27.5,-28.5,47,1
948,0.5,22.5,47,1
948,0.5,21.5,47,2
992,69.5,-3.5,47,1
998,46.5,31.5,47,1
41,21.5,30.5,48,6
49,75.5,-5.5,48,2
60,-52.5,35.5,48,2
69,10.5,39.5,48,1
69,12.5,40.5,48,2
176,1.5,20.5,48,4
176,0.5,21.5,48,2
201,36.5,34.5,48,1
201,21.5,31.5,48,9
219,0.5,20.5,48,1
232,18.5,37.5,48,3
408,-43.5,40.5,48,1
459,66.5,-7.5,48,3
459,69.5,-3.5,48,1
460,19.5,27.5,48,1
485,21.5,31.5,48,9
532,69.5,-3.5,48,1
556,36.5,34.5,48,1
613,-41.5,6.5,48,2
616,43.5,17.5,48,1
856,36.5,34.5,48,1
856,28.5,29.5,48,8
916,11.5,38.5,48,1
927,69.5,-3.5,48,1
978,11.5,40.5,48,1
978,11.5,38.5,48,1
978,12.5,40.5,48,2
978,10.5,40.5,48,1
990,0.5,22.5,48,1
6,66.5,-6.5,49,1
75,0.5,21.5,49,2
82,36.5,34.5,49,1
128,69.5,-3.5,49,1
145,0.5,20.5,49,1
178,0.5,22.5,49,1
243,75.5,-5.5,49,2
272,45.5,38.5,49,1
303,28.5,29.5,49,8
350,46.5,31.5,49,1
369,28.5,29.5,49,8
398,-41.5,6.5,49,2
448,36.5,34.5,49,1
491,45.5,38.5,49,1
514,36.5,34.5,49,1
519,-52.5,9.5,49,1
594,45.5,38.5,49,1
595,10.5,40.5,49,1
704,36.5,34.5,49,1
790,28.5,29.5,49,8
803,19.5,27.5,49,1
810,18.5,37.5,49,3
867,41.5,-39.5,49,1
868,10.5,39.5,49,1
870,36.5,34.5,49,1
915,66.5,-6.5,49,1
923,1.5,20.5,49,4
928,10.5,39.5,49,1
928,9.5,39.5,49,6
982,66.5,-7.5,49,3
48,75.5,-5.5,50,2
61,9.5,39.5,50,6
115,-43.5,40.5,50,1
120,-46.5,39.5,50,7
156,45.5,38.5,50,1
322,18.5,37.5,50,3
342,9.5,39.5,50,6
360,11.5,40.5,50,1
369,1.5,20.5,50,4
415,0.5,20.5,50,1
473,28.5,29.5,50,8
473,21.5,30.5,50,6
601,-41.5,6.5,50,2
601,-42.5,6.5,50,1
644,66.5,-7.5,50,3
761,0.5,20.5,50,1
761,0.5,22.5,50,1
761,1.5,20.5,50,4
776,19.5,27.5,50,1
829,43.5,17.5,50,1
847,21.5,31.5,50,9
874,21.5,31.5,50,9
876,36.5,34.5,50,1
912,0.5,20.5,50,1
949,12.5,40.5,50,2
11,29.5,10.5,51,1
28,43.5,-6.5,51,1
32,-52.5,9.5,51,1
140,0.5,20.5,51,1
140,1.5,20.5,51,4
173,75.5,-5.5,51,2
253,-25.5,-27.5,51,1
271,-44.5,39.5,51,2
278,11.5,40.5,51,1
327,0.5,20.5,51,1
327,0.5,21.5,51,2
327,0.5,22.5,51,1
327,-0.5,21.5,51,1
327,1.5,20.5,51,4
347,11.5,39.5,51,9
347,9.5,39.5,51,6
347,19.5,27.5,51,1
347,11.5,40.5,51,1
347,10.5,40.5,51,1
362,19.5,27.5,51,1
428,0.5,20.5,51,1
467,11.5,38.5,51,1
473,18.5,37.5,51,3
485,1.5,20.5,51,4
486,11.5,38.5,51,1
489,11.5,38.5,51,1
512,43.5,17.5,51,1
515,21.5,30.5,51,6
579,19.5,27.5,51,1
611,43.5,17.5,51,1
616,9.5,39.5,51,6
741,0.5,20.5,51,1
787,-42.5,6.5,51,1
808,66.5,-7.5,51,3
814,0.5,20.5,51,1
814,1.5,20.5,51,4
814,0.5,22.5,51,1
818,-47.5,39.5,51,3
818,-47.5,38.5,51,1
848,21.5,31.5,51,9
848,21.5,30.5,51,6
848,29.5,10.5,51,1
943,21.5,30.5,51,6
943,21.5,31.5,51,9
957,36.5,34.5,51,1
959,28.5,29.5,51,8
961,75.5,-5.5,51,2
55,12.5,40.5,52,2
102,21.5,30.5,52,6
102,43.5,17.5,52,1
183,-44.5,40.5,52,10
301,11.5,39.5,52,9
316,11.5,39.5,52,9
332,45.5,38.5,52,1
333,36.5,34.5,52,1
360,10.5,40.5,52,1
360,11.5,40.5,52,1
423,9.5,39.5,52,6
423,11.5,39.5,52,9
433,28.5,29.5,52,8
497,21.5,30.5,52,6
574,32.5,9.5,52,2
604,0.5,21.5,52,2
621,45.5,38.5,52,1
648,28.5,29.5,52,8
655,0.5,21.5,52,2
655,0.5,20.5,52,1
655,-0.5,21.5,52,1
692,-0.5,21.5,52,1
715,-0.5,21.5,52,1
719,-52.5,9.5,52,1
759,43.5,17.5,52,1
808,46.5,31.5,52,1
940,45.5,38.5,52,1
949,75.5,-5.5,52,2
963,-0.5,21.5,52,1
40,21.5,30.5,53,6
43,46.5,31.5,53,1
51,-0.5,21.5,53,1
81,18.5,37.5,53,3
147,-45.5,40.5,53,1
147,-44.5,39.5,53,2
147,-47.5,38.5,53,1
184,21.5,31.5,53,9
199,0.5,21.5,53,2
216,66.5,-7.5,53,3
226,19.5,27.5,53,1
242,69.5,-3.5,53,1
244,69.5,-3.5,53,1
252,-52.5,9.5,53,1
260,69.5,-3.5,53,1
300,43.5,17.5,53,1
327,32.5,9.5,53,2
328,28.5,29.5,53,8
330,-52.5,9.5,53,1
387,0.5,22.5,53,1
387,-0.5,21.5,53,1
402,-52.5,9.5,53,1
418,11.5,39.5,53,9
422,1.5,20.5,53,4
422,0.5,22.5,53,1
451,36.5,34.5,53,1
488,28.5,29.5,53,8
532,43.5,17.5,53,1
538,21.5,31.5,53,9
570,43.5,17.5,53,1
616,11.5,40.5,53,1
645,69.5,-3.5,53,1
681,-25.5,-27.5,53,1
685,45.5,38.5,53,1
689,21.5,30.5,53,6
690,11.5,38.5,53,1
705,69.5,-3.5,53,1
741,19.5,27.5,53,1
785,75.5,-5.5,53,2
821,1.5,20.5,53,4
840,29.5,10.5,53,1
866,-41.5,6.5,53,2
874,65.5,-9.5,53,1
901,10.5,40.5,53,1
901,9.5,39.5,53,6
983,0.5,22.5,53,1
5,21.5,31.5,54,9
5,18.5,37.5,54,3
39,46.5,31.5,54,1
59,36.5,34.5,54,1
80,43.5,-6.5,54,1
87,21.5,31.5,54,9
133,-25.5,-27.5,54,1
166,28.5,29.5,54,8
185,46.5,31.5,54,1
203,21.5,31.5,54,9
210,75.5,-5.5,54,2
210,69.5,-3.5,54,1
216,28.5,29.5,54,8
236,43.5,17.5,54,1
238,0.5,21.5,54,2
238,-0.5,21.5,54,1
238,0.5,20.5,54,1
343,21.5,30.5,54,6
343,11.5,38.5,54,1
349,11.5,38.5,54,1
407,43.5,-6.5,54,1
541,11.5,39.5,54,9
548,0.5,21.5,54,2
622,9.5,39.5,54,6
622,10.5,39.5,54,1
622,11.5,39.5,54,9
622,10.5,40.5,54,1
749,43.5,17.5,54,1
785,75.5,-5.5,54,2
895,-41.5,6.5,54,2
901,43.5,17.5,54,1
902,36.5,34.5,54,1
995,0.5,21.5,54,2
12,-0.5,21.5,55,1
26,-0.5,21.5,55,1
42,-44.5,39.5,55,2
42,-47.5,39.5,55,3
81,0.5,22.5,55,1
81,0.5,21.5,55,2
81,0.5,20.5,55,1
81,-0.5,21.5,55,1
133,32.5,9.5,55,2
192,0.5,20.5,55,1
228,18.5,37.5,55,3
262,-47.5,39.5,55,3
262,-43.5,40.5,55,1
267,18.5,37.5,55,3
267,11.5,40.5,55,1
267,12.5,40.5,55,2
267,11.5,38.5,55,1
273,75.5,-5.5,55,2
344,11.5,39.5,55,9
344,0.5,22.5,55,1
433,-46.5,39.5,55,7
454,36.5,34.5,55,1
477,43.5,17.5,55,1
518,65.5,-9.5,55,1
548,-41.5,6.5,55,2
558,75.5,-5.5,55,2
622,21.5,30.5,55,6
632,10.5,40.5,55,1
658,11.5,39.5,55,9
679,-0.5,21.5,55,1
695,18.5,37.5,55,3
722,0.5,20.5,55,1
722,-0.5,21.5,55,1
740,0.5,22.5,55,1
742,11.5,38.5,55,1
763,11.5,39.5,55,9
809,0.5,22.5,55,1
845,-46.5,39.5,55,7
845,-44.5,39.5,55,2
925,75.5,-5.5,55,2
72,43.5,-6.5,56,1
115,43.5,17.5,56,1
128,12.5,40.5,56,2
128,11.5,39.5,56,9
149,-47.5,39.5,56,3
181,18.5,37.5,56,3
195,0.5,22.5,56,1
237,9.5,39.5,56,6
237,0.5,20.5,56,1
295,12.5,40.5,56,2
313,36.5,34.5,56,1
338,0.5,22.5,56,1
358,9.5,39.5,56,6
358,11.5,38.5,56,1
399,12.5,40.5,56,2
455,45.5,38.5,56,1
473,11.5,38.5,56,1
473,10.5,40.5,56,1
473,36.5,34.5,56,1
531,75.5,-5.5,56,2
573,36.5,34.5,56,1
593,9.5,39.5,56,6
596,28.5,29.5,56,8
665,-44.5,39.5,56,2
665,-46.5,39.5,56,7
694,12.5,40.5,56,2
700,19.5,27.5,56,1
731,75.5,-5.5,56,2
745,-41.5,6.5,56,2
760,18.5,37.5,56,3
763,10.5,40.5,56,1
771,28.5,29.5,56,8
800,65.5,-9.5,56,1
832,-47.5,38.5,56,1
846,21.5,31.5,56,9
127,28.5,29.5,57,8
205,0.5,21.5,57,2
205,1.5,20.5,57,4
205,0.5,20.5,57,1
222,43.5,-6.5,57,1
255,0.5,21.5,57,2
264,11.5,40.5,57,1
299,46.5,31.5,57,1
302,43.5,17.5,57,1
303,-0.5,21.5,57,1
303,0.5,21.5,57,2
352,12.5,40.5,57,2
404,19.5,27.5,57,1
404,21.5,31.5,57,9
433,9.5,39.5,57,6
466,-25.5,-27.5,57,1
471,21.5,31.5,57,9
489,-44.5,39.5,57,2
499,1.5,20.5,57,4
499,0.5,20.5,57,1
596,0.5,20.5,57,1
653,43.5,17.5,57,1
685,-52.5,35.5,57,2
834,18.5,37.5,57,3
838,0.5,20.5,57,1
838,1.5,20.5,57,4
843,66.5,-7.5,57,3
885,45.5,38.5,57,1
898,-0.5,21.5,57,1
934,21.5,31.5,57,9
942,18.5,37.5,57,3
78,43.5,-6.5,58,1
82,43.5,-6.5,58,1
92,0.5,21.5,58,2
123,1.5,20.5,58,4
274,9.5,39.5,58,6
274,10.5,39.5,58,1
281,28.5,29.5,58,8
284,75.5,-5.5,58,2
358,0.5,21.5,58,2
493,-47.5,39.5,58,3
493,-52.5,35.5,58,2
493,-44.5,39.5,58,2
569,11.5,40.5,58,1
667,11.5,39.5,58,9
705,-41.5,6.5,58,2
757,9.5,39.5,58,6
765,-52.5,9.5,58,1
814,11.5,39.5,58,9
880,0.5,20.5,58,1
880,0.5,22.5,58,1
890,43.5,-6.5,58,1
942,66.5,-7.5,58,3
942,65.5,-9.5,58,1
957,46.5,31.5,58,1
27,43.5,17.5,59,1
91,28.5,29.5,59,8
143,46.5,31.5,59,1
146,21.5,31.5,59,9
156,45.5,38.5,59,1
165,-0.5,21.5,59,1
237,69.5,-3.5,59,1
310,0.5,21.5,59,2
324,21.5,30.5,59,6
337,-0.5,21.5,59,1
339,-27.5,-28.5,59,1
364,21.5,30.5,59,6
364,28.5,29.5,59,8
422,12.5,40.5,59,2
432,10.5,39.5,59,1
467,36.5,34.5,59,1
512,21.5,31.5,59,9
662,45.5,38.5,59,1
709,-52.5,9.5,59,1
742,45.5,38.5,59,1
749,43.5,17.5,59,1
798,-44.5,40.5,59,10
798,-46.5,39.5,59,7
820,19.5,27.5,59,1
937,43.5,-6.5,59,1
954,11.5,38.5,59,1
68,10.5,39.5,60,1
75,69.5,-3.5,60,1
88,69.5,-3.5,60,1
89,19.5,27.5,60,1
122,36.5,34.5,60,1
159,66.5,-6.5,60,1
163,21.5,31.5,60,9
166,11.5,38.5,60,1
207,-45.5,40.5,60,1
207,-46.5,39.5,60,7
208,45.5,38.5,60,1
231,75.5,-5.5,60,2
257,19.5,27.5,60,1
257,21.5,30.5,60,6
326,18.5,37.5,60,3
326,11.5,40.5,60,1
338,11.5,39.5,60,9
338,10.5,39.5,60,1
338,11.5,40.5,60,1
338,9.5,39.5,60,6
353,11.5,39.5,60,9
374,0.5,22.5,60,1
422,-44.5,40.5,60,10
425,18.5,37.5,60,3
437,36.5,34.5,60,1
446,75.5,-5.5,60,2
491,11.5,39.5,60,9
491,12.5,40.5,60,2
492,69.5,-3.5,60,1
507,19.5,27.5,60,1
527,-47.5,38.5,60,1
573,-0.5,21.5,60,1
573,0.5,22.5,60,1
573,0.5,20.5,60,1
584,1.5,20.5,60,4
597,10.5,40.5,60,1
616,19.5,27.5,60,1
629,43.5,17.5,60,1
760,21.5,31.5,60,9
780,1.5,20.5,60,4
794,43.5,-6.5,60,1
833,-46.5,39.5,60,7
833,-44.5,39.5,60,2
840,11.5,39.5,60,9
853,11.5,40.5,60,1
880,10.5,40.5,60,1
884,0.5,21.5,60,2
959,43.5,17.5,60,1
967,0.5,21.5,60,2
984,75.5,-5.5,60,2
15,-27.5,-28.5,61,1
31,9.5,39.5,61,6
61,10.5,40.5,61,1
150,10.5,40.5,61,1
185,1.5,20.5,61,4
201,75.5,-5.5,61,2
266,-0.5,21.5,61,1
282,11.5,40.5,61,1
299,21.5,31.5,61,9
315,28.5,29.5,61,8
351,1.5,20.5,61,4
351,0.5,21.5,61,2
358,46.5,31.5,61,1
417,69.5,-3.5,61,1
431,11.5,38.5,61,1
442,75.5,-5.5,61,2
515,18.5,37.5,61,3
515,19.5,27.5,61,1
558,43.5,-6.5,61,1
635,43.5,-6.5,61,1
697,10.5,39.5,61,1
779,0.5,21.5,61,2
781,75.5,-5.5,61,2
799,43.5,-6.5,61,1
878,21.5,31.5,61,9
885,65.5,-9.5,61,1
939,32.5,9.5,61,2
939,46.5,31.5,61,1
947,43.5,17.5,61,1
972,28.5,29.5,61,8
972,19.5,27.5,61,1
39,45.5,38.5,62,1
49,10.5,39.5,62,1
129,11.5,40.5,62,1
129,9.5,39.5,62,6
236,29.5,10.5,62,1
246,43.5,17.5,62,1
254,-42.5,6.5,62,1
270,9.5,39.5,62,6
270,0.5,20.5,62,1
294,46.5,31.5,62,1
348,10.5,39.5,62,1
411,65.5,-9.5,62,1
447,19.5,27.5,62,1
456,32.5,6.5,62,2
557,75.5,-5.5,62,2
563,46.5,31.5,62,1
603,11.5,39.5,62,9
664,10.5,40.5,62,1
668,45.5,38.5,62,1
696,65.5,-9.5,62,1
716,-44.5,40.5,62,10
716,-43.5,40.5,62,1
725,36.5,34.5,62,1
754,-41.5,6.5,62,2
821,-25.5,-27.5,62,1
831,-25.5,-27.5,62,1
871,-25.5,-27.5,62,1
873,0.5,21.5,62,2
890,-0.5,21.5,62,1
906,0.5,20.5,62,1
66,0.5,20.5,63,1
165,29.5,10.5,63,1
174,36.5,34.5,63,1
174,46.5,31.5,63,1
186,28.5,29.5,63,8
186,21.5,30.5,63,6
226,21.5,30.5,63,6
243,12.5,40.5,63,2
247,-52.5,9.5,63,1
281,75.5,-5.5,63,2
375,-25.5,-27.5,63,1
389,0.5,21.5,63,2
389,0.5,20.5,63,1
405,-44.5,40.5,63,10
405,-47.5,38.5,63,1
405,-46.5,39.5,63,7
405,-44.5,39.5,63,2
405,-47.5,37.5,63,1
405,-45.5,40.5,63,1
408,9.5,39.5,63,6
415,1.5,20.5,63,4
497,36.5,34.5,63,1
572,21.5,31.5,63,9
660,46.5,31.5,63,1
664,-0.5,21.5,63,1
664,1.5,20.5,63,4
688,11.5,40.5,63,1
712,-47.5,38.5,63,1
712,-47.5,37.5,63,1
712,-52.5,35.5,63,2
752,36.5,34.5,63,1
780,18.5,37.5,63,3
818,28.5,29.5,63,8
818,29.5,10.5,63,1
834,0.5,21.5,63,2
841,28.5,29.5,63,8
843,-27.5,-28.5,63,1
898,0.5,20.5,63,1
943,69.5,-3.5,63,1
947,19.5,27.5,63,1
949,18.5,37.5,63,3
959,36.5,34.5,63,1
998,11.5,40.5,63,1
998,10.5,39.5,63,1
998,10.5,40.5,63,1
5,43.5,-6.5,64,1
10,36.5,34.5,64,1
23,-47.5,38.5,64,1
46,0.5,21.5,64,2
46,1.5,20.5,64,4
99,0.5,22.5,64,1
162,19.5,27.5,64,1
258,12.5,40.5,64,2
295,21.5,31.5,64,9
464,75.5,-5.5,64,2
464,66.5,-6.5,64,1
481,66.5,-7.5,64,3
482,21.5,30.5,64,6
498,-47.5,37.5,64,1
506,11.5,40.5,64,1
507,-45.5,40.5,64,1
520,9.5,39.5,64,6
543,11.5,39.5,64,9
543,10.5,40.5,64,1
565,-42.5,6.5,64,1
601,28.5,29.5,64,8
644,43.5,17.5,64,1
687,10.5,39.5,64,1
687,11.5,39.5,64,9
705,45.5,38.5,64,1
730,-0.5,21.5,64,1
773,75.5,-5.5,64,2
789,43.5,-6.5,64,1
967,43.5,17.5,64,1
988,9.5,39.5,64,6
999,43.5,17.5,64,1
47,10.5,40.5,65,1
173,-47.5,37.5,65,1
173,-47.5,38.5,65,1
182,36.5,34.5,65,1
296,41.5,-39.5,65,1
363,18.5,37.5,65,3
402,12.5,40.5,65,2
405,28.5,29.5,65,8
452,9.5,39.5,65,6
452,12.5,40.5,65,2
486,1.5,20.5,65,4
508,66.5,-7.5,65,3
509,-47.5,37.5,65,1
515,45.5,38.5,65,1
546,21.5,30.5,65,6
556,-43.5,40.5,65,1
578,9.5,39.5,65,6
629,-47.5,38.5,65,1
684,18.5,37.5,65,3
703,9.5,39.5,65,6
703,11.5,38.5,65,1
703,11.5,39.5,65,9
760,-52.5,9.5,65,1
805,-0.5,21.5,65,1
860,43.5,-6.5,65,1
865,18.5,37.5,65,3
884,36.5,34.5,65,1
892,11.5,40.5,65,1
892,11.5,38.5,65,1
987,18.5,37.5,65,3
997,45.5,38.5,65,1
81,-27.5,-28.5,66,1
96,-25.5,-27.5,66,1
163,18.5,37.5,66,3
176,66.5,-7.5,66,3
248,0.5,21.5,66,2
254,18.5,37.5,66,3
254,9.5,39.5,66,6
327,0.5,21.5,66,2
333,-47.5,38.5,66,1
333,-45.5,40.5,66,1
334,41.5,-39.5,66,1
343,-44.5,39.5,66,2
343,-43.5,40.5,66,1
373,0.5,20.5,66,1
383,32.5,9.5,66,2
404,-27.5,-28.5,66,1
417,11.5,39.5,66,9
451,21.5,30.5,66,6
515,18.5,37.5,66,3
515,21.5,30.5,66,6
645,36.5,34.5,66,1
752,19.5,27.5,66,1
832,11.5,39.5,66,9
832,11.5,40.5,66,1
832,10.5,39.5,66,1
835,65.5,-9.5,66,1
837,-5.5,-5.5,66,9
843,75.5,-5.5,66,2
863,28.5,29.5,66,8
874,-45.5,40.5,66,1
887,0.5,22.5,66,1
887,1.5,20.5,66,4
887,0.5,21.5,66,2
887,0.5,20.5,66,1
951,-27.5,-28.5,66,1
995,75.5,-5.5,66,2
54,19.5,27.5,67,1
60,21.5,30.5,67,6
74,69.5,-3.5,67,1
95,41.5,-39.5,67,1
103,-42.5,6.5,67,1
126,-44.5,39.5,67,2
299,75.5,-5.5,67,2
368,43.5,17.5,67,1
496,69.5,-3.5,67,1
498,10.5,40.5,67,1
498,10.5,39.5,67,1
532,21.5,30.5,67,6
604,0.5,22.5,67,1
604,0.5,20.5,67,1
628,-46.5,39.5,67,7
692,28.5,29.5,67,8
728,-27.5,-28.5,67,1
746,-47.5,39.5,67,3
776,1.5,20.5,67,4
809,28.5,29.5,67,8
810,36.5,34.5,67,1
825,66.5,-6.5,67,1
897,-0.5,21.5,67,1
907,45.5,38.5,67,1
922,10.5,40.5,67,1
931,28.5,29.5,67,8
931,36.5,34.5,67,1
961,-0.5,21.5,67,1
961,0.5,22.5,67,1
964,43.5,17.5,67,1
31,10.5,39.5,68,1
36,-42.5,6.5,68,1
68,10.5,40.5,68,1
151,1.5,20.5,68,4
203,0.5,20.5,68,1
203,0.5,21.5,68,2
203,1.5,20.5,68,4
205,1.5,20.5,68,4
246,36.5,34.5,68,1
269,18.5,37.5,68,3
282,36.5,34.5,68,1
286,32.5,6.5,68,2
299,-47.5,38.5,68,1
299,-46.5,39.5,68,7
305,21.5,31.5,68,9
336,46.5,31.5,68,1
369,36.5,34.5,68,1
412,1.5,20.5,68,4
446,-27.5,-28.5,68,1
459,28.5,29.5,68,8
486,0.5,21.5,68,2
486,-0.5,21.5,68,1
486,0.5,20.5,68,1
503,43.5,17.5,68,1
508,36.5,34.5,68,1
556,18.5,37.5,68,3
636,45.5,38.5,68,1
639,21.5,30.5,68,6
652,69.5,-3.5,68,1
686,-27.5,-28.5,68,1
715,0.5,20.5,68,1
715,19.5,27.5,68,1
723,21.5,31.5,68,9
723,21.5,30.5,68,6
733,36.5,34.5,68,1
752,9.5,39.5,68,6
752,11.5,39.5,68,9
784,43.5,17.5,68,1
803,11.5,40.5,68,1
874,19.5,27.5,68,1
7,11.5,40.5,69,1
7,9.5,39.5,69,6
7,10.5,40.5,69,1
7,12.5,40.5,69,2
36,0.5,20.5,69,1
116,-0.5,21.5,69,1
119,0.5,20.5,69,1
229,-47.5,38.5,69,1
229,-46.5,39.5,69,7
250,10.5,40.5,69,1
252,19.5,27.5,69,1
260,75.5,-5.5,69,2
267,-5.5,-5.5,69,9
327,10.5,39.5,69,1
327,11.5,40.5,69,1
327,10.5,40.5,69,1
358,10.5,39.5,69,1
382,75.5,-5.5,69,2
390,21.5,31.5,69,9
403,21.5,31.5,69,9
510,0.5,21.5,69,2
558,43.5,17.5,69,1
635,0.5,20.5,69,1
650,18.5,37.5,69,3
660,46.5,31.5,69,1
664,75.5,-5.5,69,2
709,10.5,40.5,69,1
709,11.5,38.5,69,1
709,11.5,40.5,69,1
709,11.5,39.5,69,9
717,0.5,20.5,69,1
782,32.5,9.5,69,2
831,21.5,31.5,69,9
831,21.5,30.5,69,6
859,-45.5,40.5,69,1
859,-43.5,40.5,69,1
859,-47.5,38.5,69,1
859,-46.5,39.5,69,7
859,-47.5,39.5,69,3
861,21.5,31.5,69,9
880,18.5,37.5,69,3
922,75.5,-5.5,69,2
937,-0.5,21.5,69,1
986,-52.5,9.5,69,1
994,29.5,10.5,69,1
996,10.5,39.5,69,1
997,-25.5,-27.5,69,1
23,-0.5,21.5,70,1
25,75.5,-5.5,70,2
64,32.5,9.5,70,2
116,46.5,31.5,70,1
157,11.5,38.5,70,1
157,12.5,40.5,70,2
157,10.5,39.5,70,1
158,21.5,30.5,70,6
160,19.5,27.5,70,1
280,18.5,37.5,70,3
326,36.5,34.5,70,1
328,-25.5,-27.5,70,1
340,0.5,22.5,70,1
392,11.5,39.5,70,9
392,10.5,39.5,70,1
423,-47.5,39.5,70,3
426,21.5,30.5,70,6
441,9.5,39.5,70,6
455,0.5,21.5,70,2
455,0.5,22.5,70,1
531,10.5,39.5,70,1
621,36.5,34.5,70,1
642,75.5,-5.5,70,2
646,11.5,38.5,70,1
655,45.5,38.5,70,1
686,-44.5,39.5,70,2
724,19.5,27.5,70,1
810,75.5,-5.5,70,2
824,12.5,40.5,70,2
867,-47.5,38.5,70,1
924,69.5,-3.5,70,1
936,0.5,22.5,70,1
936,0.5,21.5,70,2
986,28.5,29.5,70,8
989,-47.5,37.5,70,1
174,21.5,30.5,71,6
199,32.5,6.5,71,2
199,43.5,-6.5,71,1
203,-0.5,21.5,71,1
239,21.5,31.5,71,9
266,11.5,39.5,71,9
267,69.5,-3.5,71,1
267,75.5,-5.5,71,2
285,0.5,20.5,71,1
291,18.5,37.5,71,3
344,-41.5,6.5,71,2
388,46.5,31.5,71,1
414,1.5,20.5,71,4
428,75.5,-5.5,71,2
429,0.5,22.5,71,1
534,11.5,38.5,71,1
534,10.5,39.5,71,1
634,69.5,-3.5,71,1
657,46.5,31.5,71,1
807,43.5,-6.5,71,1
941,9.5,39.5,71,6
958,32.5,6.5,71,2
970,66.5,-6.5,71,1
986,21.5,31.5,71,9
997,-47.5,38.5,71,1
29,36.5,34.5,72,1
58,-47.5,37.5,72,1
65,11.5,39.5,72,9
65,9.5,39.5,72,6
70,43.5,17.5,72,1
71,69.5,-3.5,72,1
112,69.5,-3.5,72,1
222,11.5,39.5,72,9
222,11.5,38.5,72,1
248,28.5,29.5,72,8
266,29.5,10.5,72,1
330,-52.5,35.5,72,2
334,-0.5,21.5,72,1
334,11.5,39.5,72,9
370,32.5,9.5,72,2
428,41.5,-39.5,72,1
431,75.5,-5.5,72,2
495,18.5,37.5,72,3
502,46.5,31.5,72,1
508,45.5,38.5,72,1
526,43.5,17.5,72,1
537,12.5,40.5,72,2
570,9.5,39.5,72,6
570,11.5,38.5,72,1
589,-0.5,21.5,72,1
733,36.5,34.5,72,1
809,19.5,27.5,72,1
836,10.5,40.5,72,1
876,18.5,37.5,72,3
882,0.5,22.5,72,1
890,19.5,27.5,72,1
905,10.5,39.5,72,1
905,11.5,38.5,72,1
906,10.5,39.5,72,1
952,11.5,38.5,72,1
977,10.5,40.5,72,1
977,11.5,38.5,72,1
977,12.5,40.5,72,2
991,65.5,-9.5,72,1
35,46.5,31.5,73,1
141,43.5,17.5,73,1
150,43.5,17.5,73,1
153,36.5,34.5,73,1
214,75.5,-5.5,73,2
230,28.5,29.5,73,8
264,46.5,31.5,73,1
310,21.5,31.5,73,9
316,18.5,37.5,73,3
319,36.5,34.5,73,1
355,66.5,-7.5,73,3
408,11.5,39.5,73,9
408,10.5,39.5,73,1
408,12.5,40.5,73,2
408,9.5,39.5,73,6
408,11.5,40.5,73,1
481,0.5,20.5,73,1
481,1.5,20.5,73,4
481,0.5,21.5,73,2
481,-0.5,21.5,73,1
481,0.5,22.5,73,1
509,0.5,20.5,73,1
597,21.5,30.5,73,6
597,21.5,31.5,73,9
604,10.5,40.5,73,1
604,10.5,39.5,73,1
658,36.5,34.5,73,1
658,28.5,29.5,73,8
710,45.5,38.5,73,1
757,45.5,38.5,73,1
757,36.5,34.5,73,1
757,43.5,17.5,73,1
788,46.5,31.5,73,1
806,-44.5,39.5,73,2
806,-43.5,40.5,73,1
831,69.5,-3.5,73,1
846,11.5,39.5,73,9
846,11.5,40.5,73,1
846,11.5,38.5,73,1
892,0.5,21.5,73,2
924,45.5,38.5,73,1
948,45.5,38.5,73,1
17,21.5,31.5,74,9
121,10.5,40.5,74,1
161,0.5,20.5,74,1
161,0.5,22.5,74,1
171,-27.5,-28.5,74,1
177,0.5,21.5,74,2
177,-0.5,21.5,74,1
200,45.5,38.5,74,1
212,29.5,10.5,74,1
226,45.5,38.5,74,1
226,46.5,31.5,74,1
248,75.5,-5.5,74,2
265,12.5,40.5,74,2
266,-42.5,6.5,74,1
272,10.5,40.5,74,1
281,0.5,22.5,74,1
286,0.5,21.5,74,2
286,0.5,20.5,74,1
286,1.5,20.5,74,4
323,32.5,6.5,74,2
392,32.5,9.5,74,2
396,28.5,29.5,74,8
434,10.5,39.5,74,1
472,0.5,21.5,74,2
554,-42.5,6.5,74,1
561,21.5,31.5,74,9
561,21.5,30.5,74,6
590,75.5,-5.5,74,2
592,75.5,-5.5,74,2
628,28.5,29.5,74,8
665,19.5,27.5,74,1
693,-47.5,39.5,74,3
723,0.5,21.5,74,2
735,9.5,39.5,74,6
735,11.5,40.5,74,1
735,12.5,40.5,74,2
743,0.5,22.5,74,1
743,0.5,21.5,74,2
761,-44.5,39.5,74,2
761,-47.5,37.5,74,1
767,28.5,29.5,74,8
773,0.5,22.5,74,1
773,1.5,20.5,74,4
773,-0.5,21.5,74,1
809,28.5,29.5,74,8
810,0.5,20.5,74,1
810,0.5,21.5,74,2
810,0.5,22.5,74,1
862,45.5,38.5,74,1
867,21.5,30.5,74,6
885,28.5,29.5,74,8
886,21.5,31.5,74,9
937,28.5,29.5,74,8
946,10.5,40.5,74,1
4,18.5,37.5,75,3
66,28.5,29.5,75,8
98,-52.5,9.5,75,1
110,-47.5,37.5,75,1
246,11.5,39.5,75,9
246,11.5,40.5,75,1
273,43.5,17.5,75,1
286,28.5,29.5,75,8
450,45.5,38.5,75,1
459,28.5,29.5,75,8
479,19.5,27.5,75,1
594,12.5,40.5,75,2
594,10.5,40.5,75,1
594,11.5,40.5,75,1
614,11.5,38.5,75,1
672,0.5,20.5,75,1
683,0.5,22.5,75,1
696,-41.5,6.5,75,2
793,69.5,-3.5,75,1
796,21.5,30.5,75,6
800,66.5,-7.5,75,3
830,28.5,29.5,75,8
862,28.5,29.5,75,8
886,36.5,34.5,75,1
935,-52.5,35.5,75,2
19,9.5,39.5,76,6
63,0.5,22.5,76,1
63,0.5,20.5,76,1
89,65.5,-9.5,76,1
108,-0.5,21.5,76,1
109,18.5,37.5,76,3
157,1.5,20.5,76,4
178,45.5,38.5,76,1
202,12.5,40.5,76,2
224,32.5,9.5,76,2
258,28.5,29.5,76,8
260,0.5,21.5,76,2
260,1.5,20.5,76,4
405,28.5,29.5,76,8
407,36.5,34.5,76,1
531,1.5,20.5,76,4
556,11.5,39.5,76,9
597,19.5,27.5,76,1
598,0.5,20.5,76,1
612,32.5,9.5,76,2
675,11.5,40.5,76,1
736,11.5,38.5,76,1
736,18.5,37.5,76,3
736,36.5,34.5,76,1
741,11.5,39.5,76,9
784,36.5,34.5,76,1
823,45.5,38.5,76,1
852,9.5,39.5,76,6
867,10.5,40.5,76,1
915,-45.5,40.5,76,1
984,28.5,29.5,76,8
34,43.5,17.5,77,1
38,-42.5,6.5,77,1
47,69.5,-3.5,77,1
59,75.5,-5.5,77,2
60,-47.5,38.5,77,1
69,19.5,27.5,77,1
80,0.5,20.5,77,1
80,1.5,20.5,77,4
123,65.5,-9.5,77,1
124,45.5,38.5,77,1
166,11.5,40.5,77,1
197,10.5,40.5,77,1
216,75.5,-5.5,77,2
225,19.5,27.5,77,1
229,0.5,22.5,77,1
229,0.5,21.5,77,2
294,19.5,27.5,77,1
330,36.5,34.5,77,1
404,0.5,21.5,77,2
414,-27.5,-28.5,77,1
415,36.5,34.5,77,1
415,46.5,31.5,77,1
525,45.5,38.5,77,1
586,1.5,20.5,77,4
650,11.5,40.5,77,1
670,19.5,27.5,77,1
673,43.5,17.5,77,1
674,46.5,31.5,77,1
805,21.5,30.5,77,6
829,36.5,34.5,77,1
838,10.5,40.5,77,1
838,12.5,40.5,77,2
838,10.5,39.5,77,1
838,18.5,37.5,77,3
885,1.5,20.5,77,4
893,43.5,-6.5,77,1
898,65.5,-9.5,77,1
943,-42.5,6.5,77,1
13,46.5,31.5,78,1
59,46.5,31.5,78,1
74,36.5,34.5,78,1
220,21.5,30.5,78,6
243,-45.5,40.5,78,1
267,-0.5,21.5,78,1
309,75.5,-5.5,78,2
311,-44.5,40.5,78,10
314,-41.5,6.5,78,2
314,-42.5,6.5,78,1
317,36.5,34.5,78,1
394,12.5,40.5,78,2
417,66.5,-7.5,78,3
467,9.5,39.5,78,6
479,-44.5,40.5,78,10
528,0.5,22.5,78,1
551,65.5,-9.5,78,1
561,11.5,39.5,78,9
598,1.5,20.5,78,4
678,43.5,17.5,78,1
683,28.5,29.5,78,8
683,21.5,31.5,78,9
753,-47.5,38.5,78,1
760,18.5,37.5,78,3
796,9.5,39.5,78,6
926,10.5,39.5,78,1
940,36.5,34.5,78,1
977,-45.5,40.5,78,1
992,-43.5,40.5,78,1
20,19.5,27.5,79,1
25,46.5,31.5,79,1
80,-0.5,21.5,79,1
105,65.5,-9.5,79,1
110,-27.5,-28.5,79,1
110,-25.5,-27.5,79,1
113,75.5,-5.5,79,2
169,21.5,30.5,79,6
192,28.5,29.5,79,8
248,21.5,30.5,79,6
299,43.5,17.5,79,1
313,43.5,-6.5,79,1
349,75.5,-5.5,79,2
384,65.5,-9.5,79,1
393,0.5,22.5,79,1
393,1.5,20.5,79,4
393,0.5,21.5,79,2
431,-41.5,6.5,79,2
458,29.5,10.5,79,1
472,-52.5,9.5,79,1
479,43.5,17.5,79,1
489,-52.5,9.5,79,1
512,11.5,39.5,79,9
518,45.5,38.5,79,1
557,0.5,22.5,79,1
583,-42.5,6.5,79,1
647,43.5,17.5,79,1
697,-52.5,9.5,79,1
701,10.5,40.5,79,1
742,0.5,22.5,79,1
795,75.5,-5.5,79,2
804,28.5,29.5,79,8
814,0.5,21.5,79,2
814,0.5,22.5,79,1
821,-44.5,40.5,79,10
821,-46.5,39.5,79,7
821,-45.5,40.5,79,1
832,-52.5,35.5,79,2
832,-47.5,39.5,79,3
878,1.5,20.5,79,4
891,-47.5,38.5,79,1
893,32.5,6.5,79,2
904,0.5,22.5,79,1
904,0.5,20.5,79,1
904,-0.5,21.5,79,1
946,75.5,-5.5,79,2
996,11.5,39.5,79,9
53,28.5,29.5,80,8
76,69.5,-3.5,80,1
84,-0.5,21.5,80,1
164,29.5,10.5,80,1
172,18.5,37.5,80,3
172,0.5,22.5,80,1
202,45.5,38.5,80,1
222,-47.5,37.5,80,1
222,-45.5,40.5,80,1
222,-46.5,39.5,80,7
222,-47.5,39.5,80,3
222,-47.5,38.5,80,1
503,-27.5,-28.5,80,1
566,65.5,-9.5,80,1
566,75.5,-5.5,80,2
609,28.5,29.5,80,8
701,21.5,31.5,80,9
713,-47.5,37.5,80,1
759,45.5,38.5,80,1
763,10.5,40.5,80,1
823,18.5,37.5,80,3
857,19.5,27.5,80,1
870,9.5,39.5,80,6
870,11.5,40.5,80,1
879,1.5,20.5,80,4
879,-0.5,21.5,80,1
879,0.5,21.5,80,2
909,-46.5,39.5,80,7
909,-45.5,40.5,80,1
916,43.5,17.5,80,1
954,-41.5,6.5,80,2
969,-0.5,21.5,80,1
969,0.5,22.5,80,1
984,65.5,-9.5,80,1
14,45.5,38.5,81,1
60,11.5,39.5,81,9
139,-42.5,6.5,81,1
155,45.5,38.5,81,1
190,66.5,-7.5,81,3
336,46.5,31.5,81,1
432,0.5,22.5,81,1
476,-0.5,21.5,81,1
521,32.5,6.5,81,2
527,45.5,38.5,81,1
532,0.5,21.5,81,2
581,29.5,10.5,81,1
597,9.5,39.5,81,6
597,10.5,39.5,81,1
597,12.5,40.5,81,2
597,11.5,38.5,81,1
614,43.5,17.5,81,1
616,18.5,37.5,81,3
616,11.5,40.5,81,1
616,11.5,39.5,81,9
686,9.5,39.5,81,6
686,11.5,40.5,81,1
776,21.5,31.5,81,9
785,-47.5,38.5,81,1
786,45.5,38.5,81,1
803,36.5,34.5,81,1
905,18.5,37.5,81,3
921,43.5,17.5,81,1
939,-25.5,-27.5,81,1
944,9.5,39.5,81,6
955,12.5,40.5,81,2
955,11.5,38.5,81,1
998,0.5,21.5,81,2
18,66.5,-7.5,82,3
26,-47.5,39.5,82,3
124,0.5,21.5,82,2
156,-0.5,21.5,82,1
260,-45.5,40.5,82,1
264,69.5,-3.5,82,1
391,21.5,30.5,82,6
391,19.5,27.5,82,1
403,-52.5,35.5,82,2
406,19.5,27.5,82,1
441,11.5,38.5,82,1
441,10.5,40.5,82,1
441,9.5,39.5,82,6
441,11.5,40.5,82,1
441,12.5,40.5,82,2
470,11.5,39.5,82,9
532,45.5,38.5,82,1
535,-46.5,39.5,82,7
535,-47.5,39.5,82,3
627,75.5,-5.5,82,2
653,43.5,17.5,82,1
676,-43.5,40.5,82,1
710,21.5,30.5,82,6
728,-42.5,6.5,82,1
755,45.5,38.5,82,1
768,0.5,20.5,82,1
768,0.5,22.5,82,1
816,-46.5,39.5,82,7
816,-47.5,39.5,82,3
836,19.5,27.5,82,1
861,-27.5,-28.5,82,1
920,1.5,20.5,82,4
951,21.5,31.5,82,9
951,21.5,30.5,82,6
963,28.5,29.5,82,8
967,0.5,20.5,82,1
967,1.5,20.5,82,4
996,32.5,6.5,82,2
5,43.5,-6.5,83,1
14,21.5,30.5,83,6
32,0.5,22.5,83,1
32,9.5,39.5,83,6
42,36.5,34.5,83,1
170,9.5,39.5,83,6
266,19.5,27.5,83,1
319,43.5,17.5,83,1
319,29.5,10.5,83,1
357,-27.5,-28.5,83,1
358,46.5,31.5,83,1
358,19.5,27.5,83,1
368,41.5,-39.5,83,1
394,11.5,38.5,83,1
433,10.5,40.5,83,1
433,11.5,38.5,83,1
542,75.5,-5.5,83,2
553,10.5,39.5,83,1
623,11.5,38.5,83,1
693,43.5,17.5,83,1
707,41.5,-39.5,83,1
727,18.5,37.5,83,3
809,36.5,34.5,83,1
834,43.5,17.5,83,1
837,66.5,-7.5,83,3
845,-47.5,39.5,83,3
845,-43.5,40.5,83,1
884,-47.5,38.5,83,1
934,45.5,38.5,83,1
976,0.5,21.5,83,2
29,36.5,34.5,84,1
97,-27.5,-28.5,84,1
127,43.5,-6.5,84,1
135,75.5,-5.5,84,2
168,-47.5,39.5,84,3
205,45.5,38.5,84,1
247,12.5,40.5,84,2
247,9.5,39.5,84,6
259,46.5,31.5,84,1
275,-41.5,6.5,84,2
300,-52.5,9.5,84,1
368,46.5,31.5,84,1
434,0.5,20.5,84,1
513,75.5,-5.5,84,2
516,45.5,38.5,84,1
632,-44.5,40.5,84,10
664,45.5,38.5,84,1
696,-0.5,21.5,84,1
724,-42.5,6.5,84,1
724,-41.5,6.5,84,2
768,-0.5,21.5,84,1
793,21.5,30.5,84,6
795,21.5,31.5,84,9
795,11.5,39.5,84,9
860,21.5,30.5,84,6
896,21.5,31.5,84,9
896,0.5,20.5,84,1
910,75.5,-5.5,84,2
945,11.5,39.5,84,9
949,-27.5,-28.5,84,1
952,19.5,27.5,84,1
19,21.5,30.5,85,6
25,18.5,37.5,85,3
66,36.5,34.5,85,1
157,18.5,37.5,85,3
179,10.5,40.5,85,1
179,9.5,39.5,85,6
187,18.5,37.5,85,3
214,46.5,31.5,85,1
232,11.5,38.5,85,1
328,18.5,37.5,85,3
352,66.5,-7.5,85,3
363,10.5,40.5,85,1
404,11.5,39.5,85,9
416,10.5,39.5,85,1
447,11.5,38.5,85,1
455,10.5,40.5,85,1
459,-45.5,40.5,85,1
503,36.5,34.5,85,1
521,43.5,17.5,85,1
565,12.5,40.5,85,2
565,11.5,40.5,85,1
577,-45.5,40.5,85,1
625,11.5,39.5,85,9
644,-44.5,39.5,85,2
733,11.5,39.5,85,9
743,21.5,30.5,85,6
751,11.5,39.5,85,9
764,75.5,-5.5,85,2
943,-52.5,9.5,85,1
957,28.5,29.5,85,8
16,-47.5,37.5,86,1
24,43.5,17.5,86,1
76,12.5,40.5,86,2
76,11.5,39.5,86,9
88,19.5,27.5,86,1
88,28.5,29.5,86,8
97,36.5,34.5,86,1
202,36.5,34.5,86,1
209,10.5,39.5,86,1
238,32.5,9.5,86,2
303,18.5,37.5,86,3
326,66.5,-6.5,86,1
352,45.5,38.5,86,1
453,-43.5,40.5,86,1
453,-44.5,40.5,86,10
476,10.5,40.5,86,1
495,75.5,-5.5,86,2
593,46.5,31.5,86,1
599,36.5,34.5,86,1
692,36.5,34.5,86,1
708,36.5,34.5,86,1
751,45.5,38.5,86,1
893,-27.5,-28.5,86,1
895,75.5,-5.5,86,2
911,21.5,31.5,86,9
925,46.5,31.5,86,1
987,-52.5,9.5,86,1
24,28.5,29.5,87,8
49,11.5,40.5,87,1
170,0.5,20.5,87,1
243,21.5,30.5,87,6
252,75.5,-5.5,87,2
265,-41.5,6.5,87,2
297,-52.5,35.5,87,2
310,32.5,6.5,87,2
353,-43.5,40.5,87,1
364,43.5,-6.5,87,1
391,45.5,38.5,87,1
401,45.5,38.5,87,1
413,36.5,34.5,87,1
419,1.5,20.5,87,4
419,0.5,21.5,87,2
428,0.5,22.5,87,1
428,0.5,20.5,87,1
428,1.5,20.5,87,4
460,43.5,17.5,87,1
516,46.5,31.5,87,1
553,0.5,22.5,87,1
557,-52.5,9.5,87,1
557,-41.5,6.5,87,2
572,36.5,34.5,87,1
577,21.5,30.5,87,6
579,-44.5,39.5,87,2
584,0.5,22.5,87,1
584,0.5,21.5,87,2
602,29.5,10.5,87,1
610,-47.5,39.5,87,3
611,43.5,-6.5,87,1
685,-43.5,40.5,87,1
689,1.5,20.5,87,4
689,0.5,20.5,87,1
689,-0.5,21.5,87,1
689,0.5,21.5,87,2
689,0.5,22.5,87,1
743,21.5,31.5,87,9
771,36.5,34.5,87,1
829,0.5,22.5,87,1
872,11.5,40.5,87,1
883,46.5,31.5,87,1
900,0.5,21.5,87,2
921,43.5,17.5,87,1
928,28.5,29.5,87,8
53,69.5,-3.5,88,1
63,-0.5,21.5,88,1
63,0.5,21.5,88,2
63,0.5,20.5,88,1
83,28.5,29.5,88,8
132,28.5,29.5,88,8
186,1.5,20.5,88,4
199,-0.5,21.5,88,1
205,45.5,38.5,88,1
207,75.5,-5.5,88,2
230,0.5,21.5,88,2
230,0.5,22.5,88,1
283,36.5,34.5,88,1
290,45.5,38.5,88,1
293,69.5,-3.5,88,1
369,46.5,31.5,88,1
369,45.5,38.5,88,1
394,46.5,31.5,88,1
401,69.5,-3.5,88,1
434,45.5,38.5,88,1
438,-43.5,40.5,88,1
510,11.5,39.5,88,9
537,-43.5,40.5,88,1
537,-44.5,39.5,88,2
547,11.5,38.5,88,1
576,-0.5,21.5,88,1
595,18.5,37.5,88,3
630,65.5,-9.5,88,1
630,66.5,-7.5,88,3
661,0.5,21.5,88,2
674,65.5,-9.5,88,1
695,0.5,21.5,88,2
695,0.5,20.5,88,1
734,28.5,29.5,88,8
743,-41.5,6.5,88,2
761,32.5,6.5,88,2
787,18.5,37.5,88,3
813,43.5,17.5,88,1
830,0.5,20.5,88,1
830,-0.5,21.5,88,1
885,-47.5,38.5,88,1
885,-47.5,39.5,88,3
15,28.5,29.5,89,8
32,46.5,31.5,89,1
45,11.5,39.5,89,9
45,10.5,39.5,89,1
45,11.5,38.5,89,1
67,0.5,20.5,89,1
67,0.5,22.5,89,1
67,0.5,21.5,89,2
67,-0.5,21.5,89,1
132,-0.5,21.5,89,1
195,32.5,6.5,89,2
207,-47.5,37.5,89,1
217,0.5,21.5,89,2
232,45.5,38.5,89,1
263,-45.5,40.5,89,1
263,-44.5,39.5,89,2
275,-41.5,6.5,89,2
323,12.5,40.5,89,2
337,43.5,-6.5,89,1
343,36.5,34.5,89,1
428,11.5,39.5,89,9
456,43.5,-6.5,89,1
469,45.5,38.5,89,1
493,46.5,31.5,89,1
508,10.5,39.5,89,1
713,21.5,31.5,89,9
726,45.5,38.5,89,1
736,69.5,-3.5,89,1
920,28.5,29.5,89,8
923,0.5,22.5,89,1
977,11.5,40.5,89,1
41,-52.5,9.5,90,1
53,1.5,20.5,90,4
67,-0.5,21.5,90,1
93,28.5,29.5,90,8
103,-52.5,35.5,90,2
103,-47.5,37.5,90,1
152,0.5,22.5,90,1
172,11.5,39.5,90,9
216,0.5,20.5,90,1
282,11.5,40.5,90,1
338,11.5,39.5,90,9
388,10.5,39.5,90,1
401,18.5,37.5,90,3
439,-0.5,21.5,90,1
439,0.5,22.5,90,1
474,9.5,39.5,90,6
475,1.5,20.5,90,4
494,19.5,27.5,90,1
510,18.5,37.5,90,3
553,0.5,21.5,90,2
567,11.5,38.5,90,1
597,43.5,-6.5,90,1
671,0.5,20.5,90,1
724,11.5,38.5,90,1
745,21.5,31.5,90,9
814,9.5,39.5,90,6
814,11.5,39.5,90,9
816,0.5,21.5,90,2
816,1.5,20.5,90,4
816,-0.5,21.5,90,1
826,10.5,39.5,90,1
850,11.5,39.5,90,9
887,45.5,38.5,90,1
938,75.5,-5.5,90,2
997,19.5,27.5,90,1
17,43.5,-6.5,91,1
83,11.5,39.5,91,9
83,10.5,40.5,91,1
83,11.5,40.5,91,1
139,-43.5,40.5,91,1
157,21.5,30.5,91,6
195,18.5,37.5,91,3
201,11.5,38.5,91,1
201,11.5,39.5,91,9
279,46.5,31.5,91,1
305,11.5,39.5,91,9
312,0.5,22.5,91,1
330,43.5,17.5,91,1
367,69.5,-3.5,91,1
369,36.5,34.5,91,1
390,21.5,30.5,91,6
407,75.5,-5.5,91,2
424,11.5,38.5,91,1
621,11.5,39.5,91,9
621,10.5,39.5,91,1
687,46.5,31.5,91,1
692,21.5,31.5,91,9
703,28.5,29.5,91,8
722,-45.5,40.5,91,1
727,29.5,10.5,91,1
738,10.5,39.5,91,1
747,11.5,40.5,91,1
747,12.5,40.5,91,2
776,-27.5,-28.5,91,1
791,11.5,40.5,91,1
850,18.5,37.5,91,3
857,28.5,29.5,91,8
901,-47.5,38.5,91,1
911,0.5,21.5,91,2
947,43.5,-6.5,91,1
977,11.5,40.5,91,1
34,21.5,30.5,92,6
34,19.5,27.5,92,1
34,18.5,37.5,92,3
46,11.5,39.5,92,9
69,75.5,-5.5,92,2
95,10.5,40.5,92,1
105,-41.5,6.5,92,2
106,45.5,38.5,92,1
133,12.5,40.5,92,2
147,19.5,27.5,92,1
147,21.5,31.5,92,9
212,0.5,21.5,92,2
233,46.5,31.5,92,1
253,0.5,22.5,92,1
261,-0.5,21.5,92,1
270,69.5,-3.5,92,1
295,66.5,-7.5,92,3
322,-52.5,9.5,92,1
349,-45.5,40.5,92,1
422,21.5,31.5,92,9
446,1.5,20.5,92,4
477,45.5,38.5,92,1
485,29.5,10.5,92,1
493,-52.5,9.5,92,1
504,46.5,31.5,92,1
565,-44.5,39.5,92,2
574,9.5,39.5,92,6
599,28.5,29.5,92,8
615,46.5,31.5,92,1
667,11.5,38.5,92,1
667,11.5,40.5,92,1
750,21.5,30.5,92,6
750,28.5,29.5,92,8
762,11.5,40.5,92,1
804,21.5,31.5,92,9
823,11.5,39.5,92,9
823,11.5,40.5,92,1
862,19.5,27.5,92,1
908,69.5,-3.5,92,1
917,28.5,29.5,92,8
947,11.5,38.5,92,1
6,12.5,40.5,93,2
10,36.5,34.5,93,1
62,28.5,29.5,93,8
95,21.5,31.5,93,9
110,46.5,31.5,93,1
116,36.5,34.5,93,1
128,0.5,22.5,93,1
145,46.5,31.5,93,1
152,-42.5,6.5,93,1
152,-41.5,6.5,93,2
165,-42.5,6.5,93,1
271,19.5,27.5,93,1
277,-42.5,6.5,93,1
281,75.5,-5.5,93,2
299,45.5,38.5,93,1
311,65.5,-9.5,93,1
347,10.5,39.5,93,1
418,11.5,38.5,93,1
419,43.5,17.5,93,1
449,43.5,17.5,93,1
498,66.5,-7.5,93,3
501,66.5,-6.5,93,1
519,11.5,38.5,93,1
590,-0.5,21.5,93,1
625,11.5,38.5,93,1
632,-52.5,35.5,93,2
639,0.5,22.5,93,1
649,69.5,-3.5,93,1
663,0.5,22.5,93,1
673,21.5,31.5,93,9
682,21.5,30.5,93,6
689,11.5,40.5,93,1
747,-27.5,-28.5,93,1
761,66.5,-7.5,93,3
780,9.5,39.5,93,6
785,0.5,20.5,93,1
789,21.5,30.5,93,6
838,11.5,39.5,93,9
843,-45.5,40.5,93,1
843,-46.5,39.5,93,7
843,-44.5,39.5,93,2
843,-47.5,39.5,93,3
903,0.5,22.5,93,1
969,18.5,37.5,93,3
996,46.5,31.5,93,1
998,-47.5,39.5,93,3
38,75.5,-5.5,94,2
125,28.5,29.5,94,8
138,36.5,34.5,94,1
155,10.5,40.5,94,1
222,32.5,9.5,94,2
229,0.5,22.5,94,1
245,75.5,-5.5,94,2
341,32.5,6.5,94,2
409,21.5,31.5,94,9
489,10.5,40.5,94,1
494,0.5,22.5,94,1
534,-44.5,40.5,94,10
534,-44.5,39.5,94,2
575,0.5,20.5,94,1
595,18.5,37.5,94,3
608,-0.5,21.5,94,1
608,0.5,22.5,94,1
608,0.5,21.5,94,2
638,21.5,30.5,94,6
683,10.5,39.5,94,1
683,11.5,39.5,94,9
712,11.5,38.5,94,1
712,18.5,37.5,94,3
712,10.5,39.5,94,1
712,9.5,39.5,94,6
720,-47.5,39.5,94,3
794,12.5,40.5,94,2
803,-44.5,39.5,94,2
842,21.5,30.5,94,6
869,0.5,22.5,94,1
893,9.5,39.5,94,6
922,11.5,38.5,94,1
941,21.5,30.5,94,6
941,21.5,31.5,94,9
968,21.5,30.5,94,6
51,10.5,39.5,95,1
51,9.5,39.5,95,6
105,21.5,31.5,95,9
159,1.5,20.5,95,4
211,45.5,38.5,95,1
273,-46.5,39.5,95,7
273,-44.5,39.5,95,2
310,21.5,31.5,95,9
310,21.5,30.5,95,6
328,21.5,30.5,95,6
411,45.5,38.5,95,1
415,28.5,29.5,95,8
425,11.5,38.5,95,1
451,11.5,40.5,95,1
460,75.5,-5.5,95,2
532,75.5,-5.5,95,2
578,11.5,40.5,95,1
581,18.5,37.5,95,3
636,18.5,37.5,95,3
640,1.5,20.5,95,4
790,69.5,-3.5,95,1
801,36.5,34.5,95,1
801,28.5,29.5,95,8
900,10.5,40.5,95,1
939,-25.5,-27.5,95,1
996,45.5,38.5,95,1
3,11.5,40.5,96,1
3,11.5,39.5,96,9
18,-52.5,9.5,96,1
83,-0.5,21.5,96,1
145,10.5,40.5,96,1
179,32.5,9.5,96,2
188,43.5,-6.5,96,1
212,-43.5,40.5,96,1
212,-46.5,39.5,96,7
218,28.5,29.5,96,8
242,45.5,38.5,96,1
260,43.5,-6.5,96,1
268,12.5,40.5,96,2
351,75.5,-5.5,96,2
386,18.5,37.5,96,3
429,36.5,34.5,96,1
509,28.5,29.5,96,8
533,0.5,22.5,96,1
535,28.5,29.5,96,8
537,75.5,-5.5,96,2
582,-44.5,40.5,96,10
582,-43.5,40.5,96,1
582,-46.5,39.5,96,7
586,18.5,37.5,96,3
736,-0.5,21.5,96,1
739,66.5,-6.5,96,1
765,12.5,40.5,96,2
785,1.5,20.5,96,4
791,19.5,27.5,96,1
802,75.5,-5.5,96,2
818,46.5,31.5,96,1
904,-27.5,-28.5,96,1
925,75.5,-5.5,96,2
927,11.5,40.5,96,1
954,46.5,31.5,96,1
987,36.5,34.5,96,1
23,28.5,29.5,97,8
30,46.5,31.5,97,1
30,36.5,34.5,97,1
47,18.5,37.5,97,3
106,-47.5,39.5,97,3
139,0.5,22.5,97,1
293,32.5,9.5,97,2
313,66.5,-7.5,97,3
449,-52.5,35.5,97,2
482,21.5,31.5,97,9
490,46.5,31.5,97,1
511,11.5,39.5,97,9
511,10.5,40.5,97,1
511,12.5,40.5,97,2
566,11.5,40.5,97,1
617,29.5,10.5,97,1
666,45.5,38.5,97,1
692,-52.5,35.5,97,2
705,0.5,22.5,97,1
705,1.5,20.5,97,4
705,0.5,20.5,97,1
715,12.5,40.5,97,2
715,10.5,40.5,97,1
735,9.5,39.5,97,6
735,11.5,38.5,97,1
735,11.5,39.5,97,9
749,-52.5,35.5,97,2
756,0.5,20.5,97,1
756,1.5,20.5,97,4
783,19.5,27.5,97,1
785,36.5,34.5,97,1
807,32.5,9.5,97,2
824,0.5,21.5,97,2
824,1.5,20.5,97,4
855,75.5,-5.5,97,2
855,69.5,-3.5,97,1
856,-43.5,40.5,97,1
869,-43.5,40.5,97,1
982,-0.5,21.5,97,1
982,0.5,21.5,97,2
982,0.5,20.5,97,1
6,0.5,22.5,98,1
37,66.5,-6.5,98,1
53,11.5,40.5,98,1
53,10.5,39.5,98,1
55,10.5,40.5,98,1
75,21.5,31.5,98,9
84,-42.5,6.5,98,1
148,43.5,17.5,98,1
152,9.5,39.5,98,6
152,19.5,27.5,98,1
152,10.5,39.5,98,1
152,18.5,37.5,98,3
248,18.5,37.5,98,3
248,11.5,38.5,98,1
326,11.5,38.5,98,1
326,11.5,40.5,98,1
326,11.5,39.5,98,9
326,9.5,39.5,98,6
326,10.5,39.5,98,1
385,75.5,-5.5,98,2
393,19.5,27.5,98,1
399,1.5,20.5,98,4
405,-44.5,39.5,98,2
405,-45.5,40.5,98,1
409,75.5,-5.5,98,2
424,11.5,40.5,98,1
438,69.5,-3.5,98,1
494,28.5,29.5,98,8
502,21.5,30.5,98,6
502,28.5,29.5,98,8
502,21.5,31.5,98,9
527,36.5,34.5,98,1
537,21.5,30.5,98,6
537,9.5,39.5,98,6
537,28.5,29.5,98,8
567,21.5,30.5,98,6
604,0.5,20.5,98,1
626,-46.5,39.5,98,7
626,-47.5,39.5,98,3
626,-44.5,40.5,98,10
701,-45.5,40.5,98,1
701,-46.5,39.5,98,7
709,1.5,20.5,98,4
709,-0.5,21.5,98,1
771,28.5,29.5,98,8
793,36.5,34.5,98,1
866,12.5,40.5,98,2
896,28.5,29.5,98,8
899,-41.5,6.5,98,2
928,0.5,21.5,98,2
972,11.5,38.5,98,1
989,36.5,34.5,98,1
204,12.5,40.5,99,2
224,-43.5,40.5,99,1
230,10.5,39.5,99,1
242,75.5,-5.5,99,2
256,0.5,21.5,99,2
262,46.5,31.5,99,1
289,-52.5,35.5,99,2
304,-41.5,6.5,99,2
304,-42.5,6.5,99,1
339,10.5,40.5,99,1
374,32.5,9.5,99,2
450,45.5,38.5,99,1
479,21.5,31.5,99,9
517,45.5,38.5,99,1
531,10.5,39.5,99,1
540,0.5,20.5,99,1
555,21.5,31.5,99,9
555,21.5,30.5,99,6
576,10.5,39.5,99,1
576,11.5,38.5,99,1
605,0.5,20.5,99,1
605,0.5,21.5,99,2
672,0.5,21.5,99,2
672,1.5,20.5,99,4
731,11.5,39.5,99,9
755,45.5,38.5,99,1
816,0.5,21.5,99,2
816,0.5,22.5,99,1
820,11.5,40.5,99,1
893,0.5,20.5,99,1
893,1.5,20.5,99,4
957,-41.5,6.5,99,2
957,-42.5,6.5,99,1
107,46.5,31.5,100,1
115,11.5,40.5,100,1
115,11.5,39.5,100,9
117,75.5,-5.5,100,2
167,11.5,40.5,100,1
182,11.5,39.5,100,9
219,18.5,37.5,100,3
219,0.5,21.5,100,2
314,43.5,17.5,100,1
359,-41.5,6.5,100,2
437,46.5,31.5,100,1
472,-47.5,37.5,100,1
588,29.5,10.5,100,1
610,18.5,37.5,100,3
610,12.5,40.5,100,2
706,-45.5,40.5,100,1
732,1.5,20.5,100,4
830,-25.5,-27.5,100,1
836,46.5,31.5,100,1
857,10.5,39.5,100,1
857,9.5,39.5,100,6
874,12.5,40.5,100,2
961,28.5,29.5,100,8
